Trial,ButtonPressTimeinOverallExp,squareStartTime,squareStartFrame,flash_circleStartTime,flash_circleStartFrame,flash_circleEndTime,flash_circleEndFrame,lilsquareStartTime,lilsquareStartFrame,lilsquareEndTime,lilsquareEndFrame,lilafterflash,ButtonPressTime,Key,false_presses,Acc,Opacity,FlashSide,CorrSide,frameRate,participant,session
0,157.0229548,1.022756787,61,1.740016088,104,1.773266587,106,2.323758276,139,2.357224354,141,3,3.357814263,nope,0,0,0.119,1,0,59.95405968,426,3
-1,160.3923637,1.183531082,71,1.617226231,97,1.650567655,99,2.351119214,141,2.384487036,143,12,3.385258061,nope,0,0,0.119,-1,-1,59.95405968,426,3
-2,163.7784332,1.033552236,62,1.70072131,102,1.734018005,104,2.918228087,175,2.951697465,177,41,3.952387098,nope,0,0,0.119,-1,-1,59.95405968,426,3
-3,167.7315513,1.016795367,61,1.483844038,89,1.517111402,91,2.334495798,140,2.367776728,142,19,3.368632811,nope,0,0,0.119,0,0,59.95405968,426,3
-4,171.1008796,1.166807942,70,1.934194134,116,1.967427035,118,2.801493875,168,2.834850697,170,20,3.835568194,nope,0,0,0.119,1,0,59.95405968,426,3
-5,174.9371891,1.066767906,64,1.717219705,103,1.750629322,105,2.617949227,157,2.651392941,159,22,3.652095406,nope,0,0,0.119,-1,-1,59.95405968,426,3
-6,178.5899877,1.150168027,69,1.683991937,101,1.717349859,103,2.317818854,139,2.351174942,141,6,3.351966865,nope,0,0,0.119,-1,-1,59.95405968,426,3
-7,181.942715,1.183630439,71,1.683940609,101,1.717315762,103,2.884877498,173,2.918280515,175,40,3.919023676,nope,0,0,0.119,1,-1,59.95405968,426,3
-8,185.8624334,1.066803836,64,1.73396521,104,1.767301501,106,2.351017658,141,2.384426175,143,5,3.38533762,nope,0,0,0.119,1,1,59.95405968,426,3
-9,189.248471,1.050078129,63,1.53372382,92,1.567170833,94,2.184247479,131,2.217697792,133,7,3.218486415,nope,0,0,0.119,-1,-1,59.95405968,426,3
-10,193.0918609,0.993021179,60,1.593515104,96,1.626779169,98,2.477543484,149,2.510848978,151,21,3.144953801,b,0,1,0.119,0,0,59.95405968,426,3
-11,196.2377518,1.183094791,71,1.650049605,99,1.683462155,101,2.500703932,150,2.534064787,152,19,3.234966479,b,0,1,0.103646731,1,0,59.95405968,426,3
-12,199.473648,1.149637512,69,1.78345123,107,1.816873679,109,2.350563769,141,2.383983285,143,2,3.384708114,nope,0,0,0.092397536,0,0,59.95405968,426,3
-13,202.8592775,1.183388829,71,1.633729759,98,1.667021688,100,2.617784244,157,2.65120156,159,27,3.168446049,l,0,1,0.105935916,1,1,59.95405968,426,3
-14,206.0286434,1.099815658,66,1.666835072,100,1.700308483,102,2.667658892,160,2.700962553,162,28,3.285020044,b,0,1,0.100433779,0,0,59.95405968,426,3
-15,209.314583,1.133039027,68,1.866946675,112,1.900306797,114,2.817691999,169,2.851064587,171,25,3.385071812,b,0,1,0.096179768,0,0,59.95405968,426,3
-16,212.700578,1.016348077,61,1.466656376,88,1.500010266,90,2.584186545,155,2.617539334,157,35,3.618327224,nope,0,0,0.092662056,-1,-1,59.95405968,426,3
-17,216.3198295,1.049895913,63,1.566980552,94,1.600343973,96,2.734605347,164,2.767921474,166,38,3.768705697,nope,0,0,0.097886136,1,0,59.95405968,426,3
-18,220.0894473,1.032925664,62,1.666827007,100,1.700186762,102,2.951165483,177,2.984547603,179,45,3.335001382,l,0,1,0.102474508,1,1,59.95405968,426,3
-19,223.425659,1.116442741,67,1.716916868,103,1.75034005,105,2.86782439,172,2.901175346,174,37,3.368410632,b,0,1,0.100057294,0,0,59.95405968,426,3
-20,226.7949631,1.083079686,65,1.850361388,111,1.883714911,113,2.417384102,145,2.45082195,147,2,3.018168033,l,0,1,0.097952812,1,1,59.95405968,426,3
-21,229.814029,1.199759637,72,1.967083135,118,2.000367731,120,3.101190891,186,3.13461114,188,36,3.351676494,l,0,1,0.096143437,1,1,59.95405968,426,3
-22,233.1666111,1.182963904,71,1.783444264,107,1.816795586,109,2.951098023,177,2.984362821,179,38,3.985247502,nope,1,0,0.094539876,1,1,59.95405968,426,3
-23,237.1538717,1.199040673,72,1.849506405,111,1.882907956,113,3.000372497,180,3.033731519,182,37,3.43430889,a,0,0,0.097226602,-1,1,59.95405968,426,3
-24,240.5890844,1.083021758,65,1.716803579,103,1.750228961,105,2.484124511,149,2.517545127,151,14,2.901357928,a,0,1,0.099616202,-1,-1,59.95405968,426,3
-25,243.4913453,1.083117449,65,1.883779804,113,1.917113529,115,2.617658489,157,2.650933553,159,12,2.984795079,a,0,1,0.098256469,-1,-1,59.95405968,426,3
-26,246.4770379,1.133057358,68,1.633447087,98,1.666821874,100,2.584324031,155,2.617676454,157,25,2.984799112,l,0,1,0.097015965,-1,1,59.95405968,426,3
-27,249.4627364,1.116408644,67,1.583446683,95,1.61675951,97,2.61758553,157,2.650996246,159,30,3.051315509,b,0,1,0.095867367,0,0,59.95405968,426,3
-28,252.5149563,1.016433502,61,1.733664206,104,1.767112686,106,2.701175566,162,2.734442563,164,26,3.085033829,l,0,1,0.094791302,1,1,59.95405968,426,3
-29,255.6009002,1.099707502,66,1.633394292,98,1.666785944,100,2.400674528,144,2.434037582,146,14,2.767875645,l,0,1,0.093817035,1,1,59.95405968,426,3
-30,258.3696953,1.066416307,64,1.78361878,107,1.817024364,109,2.467388905,148,2.500801089,150,9,2.80126583,l,0,1,0.092897386,1,1,59.95405968,426,3
-31,261.1718711,1.166507304,70,1.600111163,96,1.633522613,98,2.167265131,130,2.20058089,132,2,3.201387478,nope,0,0,0.092008594,0,0,59.95405968,426,3
-32,264.3742041,0.999873879,60,1.767090688,106,1.800439077,108,2.384284655,143,2.417595648,145,5,2.71812565,a,0,1,0.09349319,-1,-1,59.95405968,426,3
-33,267.0932379,1.116326152,67,1.783532622,107,1.816877712,109,2.767626702,166,2.801042552,168,27,3.168162277,b,0,1,0.092701921,0,0,59.95405968,426,3
-34,270.2623212,1.049702332,63,1.70020106,102,1.733547984,104,2.884527732,173,2.917809028,175,39,3.2515382,l,0,1,0.091931229,1,1,59.95405968,426,3
-35,273.514769,1.166629393,70,1.667027554,100,1.70030665,102,2.451020297,147,2.484318825,149,15,3.48512908,nope,0,0,0.091216613,1,0,59.95405968,426,3
-36,277.0008099,1.016550457,61,1.666955327,100,1.700310316,102,2.584353362,155,2.617777644,157,23,2.951638071,a,0,1,0.092419061,-1,-1,59.95405968,426,3
-37,279.9533678,1.016188225,61,1.700055141,102,1.733482357,104,2.78429998,167,2.817687599,169,33,3.818762195,nope,1,0,0.091746406,1,1,59.95405968,426,3
-38,283.773055,1.066224925,64,1.683420726,101,1.716822277,103,2.850920134,171,2.884278056,173,38,3.651858563,a,0,1,0.09292847,-1,-1,59.95405968,426,3
-39,287.4258294,1.13310062,68,1.9170644,115,1.950361828,117,2.901301467,174,2.934599994,176,27,3.935230233,nope,0,0,0.092278141,0,-1,59.95405968,426,3
1,330.3756714,1.016643948,61,1.583872709,95,1.617228798,97,2.334462435,140,2.367811558,142,13,2.851823879,a,1,1,0.093974572,0,-1,59.95405968,426,3
2,333.2282593,1.083102417,65,1.750297155,105,1.783718504,107,2.350842408,141,2.384106839,143,4,2.71802226,l,0,1,0.093974572,1,1,59.95405968,426,3
3,335.9470163,1.166460009,70,1.833649247,110,1.867026234,112,2.951273273,177,2.984552003,179,35,3.401829782,a,0,1,0.093974572,0,-1,59.95405968,426,3
4,339.3496061,1.016576488,61,1.617061614,97,1.650444467,99,2.918065303,175,2.951425058,177,46,3.518800471,a,0,1,0.093974572,0,-1,59.95405968,426,3
5,342.8690889,1.016551557,61,1.533585967,92,1.567006216,94,2.200771905,132,2.234129827,134,8,2.617868569,a,0,1,0.093974572,-1,-1,59.95405968,426,3
6,345.4876621,0.999887078,60,1.517049075,91,1.550378033,93,2.834661515,170,2.868013205,172,47,3.868820893,nope,0,0,0.093974572,1,1,59.95405968,426,3
7,349.3572038,1.000134554,60,1.417127461,85,1.45050848,87,2.568093643,154,2.601601884,156,37,2.601601884,a,0,1,0.093974572,-1,-1,59.95405968,426,3
8,351.9595082,1.083214239,65,1.566924457,94,1.600313176,96,2.534378989,152,2.567632422,154,26,3.568482272,nope,0,1,0,1,-1,59.95405968,426,3
9,355.5287351,1.066741875,64,1.70058089,102,1.73393038,104,2.868241982,172,2.901510813,174,38,3.902385228,nope,0,0,0.093974572,1,0,59.95405968,426,3
10,359.4318217,1.083422852,65,1.55048509,93,1.583840079,95,2.484546503,149,2.517871795,151,24,3.168698658,b,0,1,0.093974572,1,0,59.95405968,426,3
11,362.601229,1.11658646,67,1.917191255,115,1.950530112,117,2.534325095,152,2.56761849,154,5,3.084983601,l,0,1,0.093974572,-1,1,59.95405968,426,3
12,365.6869305,1.016529925,61,1.533558103,92,1.566897693,94,2.467678544,148,2.501055164,150,24,2.78481473,a,0,1,0.093974572,-1,-1,59.95405968,426,3
13,368.4724348,1.03317204,62,1.833764002,110,1.867146489,112,3.068121874,184,3.10146843,186,42,4.102253754,nope,0,0,0.093974572,0,0,59.95405968,426,3
14,372.5754127,1.01682653,61,1.617198001,97,1.650544924,99,2.818145155,169,2.851490245,171,40,3.852269336,nope,0,0,0.093974572,1,0,59.95405968,426,3
15,376.4283973,1.033423916,62,1.567189898,94,1.600543054,96,2.66809555,160,2.701391511,162,34,3.302151977,b,0,1,0.093974572,1,0,59.95405968,426,3
16,379.7312536,1.16658943,70,1.867234114,112,1.900590203,114,2.43437195,146,2.467696875,148,2,2.985004059,l,0,1,0.093974572,-1,1,59.95405968,426,3
17,382.7169532,1.199954685,72,1.783739768,107,1.817172116,109,2.934628592,176,2.968024277,178,37,3.368567551,a,0,1,0.093974572,-1,-1,59.95405968,426,3
18,386.0862155,1.03317864,62,1.800448243,108,1.833813131,110,2.867991207,172,2.901364527,174,32,3.502053867,l,0,0,0.093512572,1,0,59.95405968,426,3
19,389.5889843,1.199945519,72,1.883905925,113,1.917233784,115,2.734483259,164,2.767853647,166,19,3.768731361,nope,0,0,0.093512572,0,0,59.95405968,426,3
20,393.3584243,1.200118568,72,2.034101816,122,2.067464871,124,2.784696308,167,2.818160187,169,13,3.818900781,nope,0,0,0.093512572,1,0,59.95405968,426,3
21,397.1780393,1.116834669,67,1.867377833,112,1.900801015,114,2.434471307,146,2.467830329,148,2,3.468611986,nope,0,1,0,1,-1,59.95405968,426,3
22,400.647378,1.083529542,65,1.767384726,106,1.800765379,108,3.068374116,184,3.101712607,186,46,3.535570907,a,0,1,0.093512572,-1,-1,59.95405968,426,3
23,404.183666,1.083321662,65,1.683812655,101,1.717100917,103,2.250945725,135,2.284263317,137,2,2.968293017,l,0,1,0.093512572,1,1,59.95405968,426,3
24,407.1526747,1.016641381,61,1.650441167,99,1.683744094,101,2.484439447,149,2.517746407,151,18,3.518574627,nope,0,1,0,1,0,59.95405968,426,3
25,410.6719503,1.133448553,68,1.784022074,107,1.817389162,109,3.051623112,183,3.085031263,185,44,4.085759758,nope,0,1,0,1,0,59.95405968,426,3
26,414.7584239,1.200276586,72,1.784115565,107,1.817506484,109,2.951687566,177,2.984999659,179,38,3.985900471,nope,0,0,0.093512572,1,1,59.95405968,426,3
27,418.745029,1.000030797,60,1.583805982,95,1.61717197,97,2.267676931,136,2.301037053,138,9,3.301815777,nope,0,0,0.093512572,0,0,59.95405968,426,3
28,422.0475407,1.083474914,65,1.58378875,95,1.617138973,97,2.834884794,170,2.868160224,172,43,3.868936382,nope,0,0,0.093512572,-1,1,59.95405968,426,3
29,425.9172129,1.183509084,71,1.867373067,112,1.900855277,114,2.551242916,153,2.584613303,155,9,3.585390194,nope,0,0,0.093512572,1,1,59.95405968,426,3
30,429.5033246,1.066771205,64,1.733960443,104,1.767317632,106,2.984892603,179,3.01829892,181,43,4.019024483,nope,0,0,0.093512572,1,1,59.95405968,426,3
31,433.523137,1.050105993,63,1.600537188,96,1.633902809,98,2.901584139,174,2.934918964,176,46,3.935700254,nope,0,0,0.093512572,-1,-1,59.95405968,426,3
32,437.4595525,1.116823304,67,1.583852544,95,1.617227698,97,2.184334004,131,2.217634731,133,4,3.218465884,nope,0,0,0.093512572,-1,-1,59.95405968,426,3
33,440.6787572,1.183592676,71,1.73395971,104,1.767317266,106,3.001621976,180,3.035043691,182,44,4.035882176,nope,0,0,0.093512572,1,1,59.95405968,426,3
34,444.7153481,1.200090338,72,1.917353306,115,1.950639735,117,2.684640141,161,2.717913004,163,14,2.751726649,b,0,1,0.093512572,0,0,59.95405968,426,3
35,447.4677618,1.149893054,69,1.633543511,98,1.667008489,100,2.801124677,168,2.834484432,170,38,3.835372413,nope,0,0,0.093512572,1,0,59.95405968,426,3
36,451.3038242,1.033411817,62,1.733956411,104,1.767254572,106,2.317791356,139,2.351132413,141,3,3.351887306,nope,0,0,0.093512572,-1,-1,59.95405968,426,3
37,454.6564118,1.066850031,64,1.800744848,108,1.83399718,110,2.751446176,165,2.784823529,167,25,3.785587222,nope,0,0,0.095649322,1,1,59.95405968,426,3
38,458.4427139,1.15013503,69,1.784026107,107,1.8173404,109,2.618061417,157,2.651313015,159,18,3.652160666,nope,1,0,0.095649322,1,1,59.95405968,426,3
39,462.0955796,1.183569212,71,1.667197671,100,1.700620486,102,2.417787397,145,2.451161084,147,13,3.451931742,nope,1,0,0.095649322,0,0,59.95405968,426,3
40,465.5482244,1.200346613,72,1.90085271,114,1.934215399,116,2.951614973,177,2.984986827,179,31,3.435551035,a,0,1,0.095649322,0,-1,59.95405968,426,3
41,468.9844695,1.099944712,66,1.883966786,113,1.917224985,115,2.784599518,167,2.817953407,169,22,3.818719666,nope,0,0,0.095649322,-1,-1,59.95405968,426,3
42,472.8038982,1.033441514,62,1.750650954,105,1.784014375,107,2.818197583,169,2.851533874,171,32,3.402225377,b,0,1,0.095649322,0,0,59.95405968,426,3
43,476.2068374,1.133256072,68,1.933884331,116,1.967350042,118,3.034746354,182,3.068180168,184,34,4.068976124,nope,0,0,0.095649322,1,0,59.95405968,426,3
44,480.2765069,1.150117065,69,1.85068219,111,1.884135803,113,3.051666375,183,3.084933739,185,40,4.085833818,nope,1,1,0,1,-1,59.95405968,426,3
45,484.3630377,1.150126964,69,1.800698285,108,1.834008912,110,2.701444673,162,2.734761165,164,22,3.735485628,nope,0,0,0.095649322,1,1,59.95405968,426,3
46,488.0992422,1.166942129,70,1.617280859,97,1.65068681,99,2.234462728,134,2.267793886,136,5,2.718418955,b,0,1,0.095649322,0,0,59.95405968,426,3
47,490.818349,1.116607358,67,1.783810528,107,1.817080092,109,3.034703091,182,3.068107575,184,43,3.568749913,b,0,1,0.095649322,0,0,59.95405968,426,3
48,494.3877981,1.149889754,69,1.716987261,103,1.750322085,105,2.951287571,177,2.98465136,179,42,3.985447316,nope,0,0,0.095649322,1,0,59.95405968,426,3
49,498.3739834,1.033361588,62,1.717255268,103,1.750633721,105,3.0017107,180,3.035036725,182,45,3.402199346,a,0,0,0.095649322,-1,1,59.95405968,426,3
50,501.7768984,1.166608494,70,1.666983925,100,1.700405641,102,2.951283172,177,2.984681057,179,45,3.985555105,nope,0,0,0.095649322,-1,-1,59.95405968,426,3
51,505.7631549,1.183193781,71,1.650227788,99,1.683594143,101,2.617649323,157,2.651012012,159,26,3.651787436,nope,1,0,0.095649322,-1,-1,59.95405968,426,3
52,509.4160507,1.083304797,65,1.700437904,102,1.733799492,104,2.517745307,151,2.551138426,153,17,3.135144955,b,0,1,0.095649322,0,0,59.95405968,426,3
53,512.5519743,1.133263404,68,1.850557169,111,1.883833332,113,2.634492718,158,2.667789046,160,15,3.668655029,nope,0,0,0.095649322,0,0,59.95405968,426,3
54,516.2213465,1.000091291,60,1.6672391,100,1.700547894,102,2.451137253,147,2.484549436,149,15,2.968458368,l,0,1,0.097208572,1,1,59.95405968,426,3
55,552.5162036,1.083586737,65,1.617401481,97,1.6507913,99,2.267914141,136,2.301224034,138,7,3.302035389,nope,1,0,0.097208572,0,-1,59.95405968,426,3
56,555.8190185,1.083556673,65,1.63385918,98,1.667312793,100,2.567926093,154,2.601347076,156,24,3.602085837,nope,0,0,0.097208572,0,0,59.95405968,426,3
57,559.4217987,1.033418783,62,1.80072175,108,1.834057308,110,2.784801532,167,2.818209316,169,27,3.185426564,l,1,1,0.097208572,1,1,59.95405968,426,3
58,562.60792,1.166574398,70,1.86720625,112,1.900508811,114,2.567693282,154,2.601095933,156,10,3.035037092,a,0,1,0.097208572,-1,-1,59.95405968,426,3
59,565.6436501,1.183195248,71,2.017146965,121,2.050511487,123,2.951238443,177,2.984678124,179,24,3.35181948,l,0,1,0.097208572,1,1,59.95405968,426,3
60,568.9962079,1.133318399,68,1.750443074,105,1.783765799,107,2.43427406,146,2.467721806,148,9,2.868288544,l,0,1,0.097208572,-1,1,59.95405968,426,3
61,571.865192,1.20000088,72,1.983947795,119,2.017372444,121,2.984773448,179,3.018081508,181,28,4.01887783,nope,0,1,0,1,-1,59.95405968,426,3
62,575.8847697,1.033422816,62,1.783942882,107,1.817284305,109,2.651339413,159,2.684635741,161,20,3.685401267,nope,0,0,0.097208572,-1,1,59.95405968,426,3
63,579.5708804,1.133597772,68,1.583995163,95,1.617247129,97,2.284434167,137,2.317804188,139,10,3.318591712,nope,0,0,0.097208572,0,0,59.95405968,426,3
64,582.8902105,1.10013536,66,1.767372627,106,1.800666755,108,2.634732862,158,2.668103982,160,20,3.668798015,nope,0,0,0.097208572,-1,-1,59.95405968,426,3
65,586.5597345,1.116819271,67,1.850822243,111,1.884193731,113,2.734732935,164,2.768094523,166,21,3.285453768,a,0,1,0.097208572,-1,-1,59.95405968,426,3
66,589.8458775,1.083229271,65,1.500220712,90,1.533667359,92,2.400898539,144,2.43429789,146,22,2.868249682,l,0,1,0.097208572,-1,1,59.95405968,426,3
67,592.7148333,1.133175413,68,1.600254515,96,1.633612804,98,2.51767858,151,2.551047868,153,23,3.368460128,b,0,0,0,1,-1,59.95405968,426,3
68,596.0840656,1.033177173,62,1.483527635,89,1.516894357,91,2.667843308,160,2.701166766,162,39,3.702011484,nope,0,1,0,-1,1,59.95405968,426,3
69,599.7868015,1.100169457,66,1.934078645,116,1.967523459,118,3.018267757,181,3.051645843,183,33,4.052518792,nope,0,0,0.097208572,-1,-1,59.95405968,426,3
70,603.840033,1.11683027,67,1.867320272,112,1.900800649,114,2.401144182,144,2.434418879,146,0,3.4352262,nope,0,0,0.097208572,-1,-1,59.95405968,426,3
71,607.275983,1.03344958,62,1.567222161,94,1.600650477,96,2.30112981,138,2.334489932,140,12,3.335341616,nope,0,0,0.097208572,0,-1,59.95405968,426,3
72,610.6120325,1.000059394,60,1.633859913,98,1.667146342,100,2.234366671,134,2.267692329,136,4,3.268498551,nope,0,0,0.097208572,0,0,59.95405968,426,3
73,613.8812281,1.150097634,69,1.833966749,110,1.867327238,112,2.584551343,155,2.617897899,157,13,3.035064589,a,0,1,0.098190322,-1,-1,59.95405968,426,3
74,616.9170182,1.066557093,64,1.75040971,105,1.783834359,107,2.567728479,154,2.601091534,156,17,2.868235016,l,0,0,0.098190322,1,0,59.95405968,426,3
75,619.7860213,1.183285806,71,2.000657003,120,2.034014925,122,2.801218535,168,2.834584523,170,16,3.235216888,l,0,1,0.098190322,1,1,59.95405968,426,3
76,623.0219407,1.06655746,64,1.683711831,101,1.717071953,103,2.817939108,169,2.851224804,171,36,3.852000962,nope,0,0,0.098190322,-1,-1,59.95405968,426,3
77,626.8746441,1.116903229,67,1.583955201,95,1.617316056,97,2.568090344,154,2.601419302,156,27,3.15198835,b,0,1,0.098190322,0,0,59.95405968,426,3
78,630.0273459,1.11662349,67,1.867222382,112,1.900537774,114,3.184808424,191,3.218265703,193,47,3.802228237,a,0,1,0.098190322,-1,-1,59.95405968,426,3
79,633.8303356,1.099909882,66,1.733731666,104,1.767131017,106,2.817914177,169,2.85140042,171,33,3.852066956,nope,0,0,0.098190322,1,1,59.95405968,426,3
80,637.6831146,1.050089861,63,1.733956044,104,1.767316532,106,2.768118354,166,2.801538604,168,30,3.202019183,a,0,1,0.098190322,-1,-1,59.95405968,426,3
81,640.8858392,1.066528862,64,1.783790363,107,1.81710209,109,2.434245096,146,2.467732805,148,7,2.918247885,b,0,1,0.098190322,0,0,59.95405968,426,3
82,643.8048533,0.999928874,60,1.416814358,85,1.450164581,87,2.500976339,150,2.534291731,152,33,2.968309883,l,0,1,0.098190322,1,1,59.95405968,426,3
83,646.7738481,1.083200674,65,1.50024051,90,1.533543071,92,2.15075207,129,2.184094594,131,7,3.184967542,nope,0,0,0.098190322,1,0,59.95405968,426,3
84,649.9595144,1.18344749,71,1.9674439,118,2.000762592,120,2.934818873,176,2.968234723,178,26,3.318610776,a,0,1,0.098190322,0,-1,59.95405968,426,3
85,653.2788262,1.049938443,63,1.600374037,96,1.633735259,98,2.884708481,173,2.918174559,175,45,3.918919553,nope,0,0,0.098190322,1,1,59.95405968,426,3
86,657.1984599,1.000074426,60,1.41700354,85,1.450365861,87,2.000815021,120,2.034158644,122,3,3.034868808,nope,0,0,0.098190322,1,0,59.95405968,426,3
87,660.2340499,1.08344595,65,1.650660779,99,1.683998903,101,2.768136319,166,2.801499741,168,35,3.802284331,nope,1,0,0.098190322,-1,-1,59.95405968,426,3
88,664.0371232,1.116911295,67,1.600479993,96,1.633875678,98,2.834827599,170,2.868190654,172,42,3.418836328,l,0,1,0.098190322,1,1,59.95405968,426,3
89,667.4566536,1.116611758,67,1.783811628,107,1.817160384,109,2.58440799,155,2.617869669,157,16,3.001725732,a,0,1,0.098594572,-1,-1,59.95405968,426,3
90,670.4590799,1.083251269,65,1.767127351,106,1.800421846,108,2.350864406,141,2.384266324,143,3,3.385052747,nope,0,1,0,-1,1,59.95405968,426,3
91,673.84483,1.100155158,66,1.583872342,95,1.617228431,97,2.634634605,158,2.668004992,160,31,3.168671161,b,0,1,0.098594572,1,0,59.95405968,426,3
92,677.0142018,1.016590053,61,1.617043649,97,1.650312846,99,2.567702448,154,2.601167793,156,25,3.084998999,l,1,1,0.098594572,1,1,59.95405968,426,3
93,680.0998996,1.066639218,64,1.800492972,108,1.833854927,110,2.834635851,170,2.867993406,172,30,3.868790462,nope,0,0,0.098594572,0,0,59.95405968,426,3
94,683.9693914,1.183533648,71,1.650629249,99,1.683926677,101,2.768093057,166,2.801545203,168,35,3.118665258,a,0,1,0.098594572,-1,-1,59.95405968,426,3
95,687.0887548,1.166616927,70,1.817189348,109,1.850546903,111,2.651204126,159,2.684472224,161,18,3.685320975,nope,0,0,0.098594572,0,0,59.95405968,426,3
96,690.7747624,1.03351704,62,1.617237963,97,1.650533192,99,2.801450612,168,2.834869029,170,39,3.435593931,b,0,1,0.098594572,0,0,59.95405968,426,3
97,694.2110541,1.116529266,67,1.950506281,117,1.983872635,119,2.86788855,172,2.901309166,174,23,3.902114288,nope,0,0,0.098594572,-1,1,59.95405968,426,3
98,698.1138712,1.183554546,71,2.017469967,121,2.050828256,123,2.668111682,160,2.701408376,162,7,3.101962649,l,0,1,0.098594572,1,1,59.95405968,426,3
99,701.2165312,1.149975179,69,1.917224251,115,1.950517646,117,2.701171899,162,2.734480326,164,15,3.401963969,b,0,1,0.098594572,0,0,59.95405968,426,3
100,704.6191837,1.049801323,63,1.466844458,88,1.50020128,90,2.701085008,162,2.7344114,164,42,3.735223487,nope,0,0,0.098594572,0,0,59.95405968,426,3
101,708.355154,1.100156625,66,1.884101706,113,1.917454496,115,2.584726959,155,2.617996889,157,10,3.618870938,nope,1,0,0.098594572,1,1,59.95405968,426,3
102,711.9747355,0.999534379,60,1.633362028,98,1.666728016,100,2.16706605,130,2.20041004,132,0,2.71782318,b,0,1,0.098594572,0,0,59.95405968,426,3
103,714.6937803,1.116627156,67,1.800395082,108,1.833775002,110,3.101470997,186,3.134831486,188,46,3.468615653,l,0,1,0.098594572,1,1,59.95405968,426,3
104,718.1630764,1.116674452,67,1.883874395,113,1.917176956,115,3.001401264,180,3.034848644,182,35,3.351853576,l,0,1,0.098594572,1,1,59.95405968,426,3
105,721.5156507,1.099893017,66,1.717108249,103,1.750468738,105,2.467700542,148,2.501100993,150,13,3.50177816,nope,0,0,0.098594572,-1,-1,59.95405968,426,3
106,725.0182267,1.066769006,64,1.617187735,97,1.65054969,99,2.417802795,145,2.451209479,147,16,3.335614023,a,0,1,0.098710072,-1,-1,59.95405968,426,3
107,728.354563,1.133115652,68,1.700292718,102,1.73364954,104,2.534184308,152,2.567590259,154,18,3.568360918,nope,0,0,0.098710072,0,-1,59.95405968,426,3
108,731.9236366,1.100146726,66,1.550500855,93,1.58385951,95,2.101017841,126,2.134376863,128,1,2.551573617,b,0,1,0.098710072,0,0,59.95405968,426,3
109,748.7699772,1.050293708,63,1.500678267,90,1.533973129,92,2.668258334,160,2.701565295,162,38,3.702399747,nope,0,0,0.098710072,0,0,59.95405968,426,3
110,752.4731091,1.083562172,65,1.700580157,102,1.73402717,104,2.234398568,134,2.267736325,136,0,2.618179105,b,0,0,0.098710072,0,-1,59.95405968,426,3
111,755.0919921,1.149982145,69,1.967340143,118,2.000632439,120,3.151535561,189,3.184893849,191,39,3.518754642,l,1,1,0.098710072,1,1,59.95405968,426,3
112,758.6114459,1.20000638,72,1.650329711,99,1.683700099,101,2.38424066,143,2.417598582,145,12,2.834906058,l,0,1,0.098710072,1,1,59.95405968,426,3
113,761.4470556,1.133226742,68,1.650350243,99,1.68375546,101,2.417571818,145,2.4509983,147,14,3.451762359,nope,0,0,0.098710072,0,-1,59.95405968,426,3
114,764.8995171,1.033459479,62,1.567211896,94,1.600497225,96,2.66809115,160,2.701420842,162,34,3.101978414,l,0,1,0.098710072,1,1,59.95405968,426,3
115,768.0021965,1.066562226,64,1.600319042,96,1.633674398,98,2.217467181,133,2.250828036,135,5,3.251561665,nope,0,1,0,1,-1,59.95405968,426,3
116,771.2544723,1.000104856,60,1.800726149,108,1.834085905,110,2.86822695,172,2.90157754,174,32,2.935148108,l,0,1,0.098710072,1,1,59.95405968,426,3
117,774.1903435,1.099971843,66,1.717117049,103,1.750503201,105,2.350953131,141,2.384351749,143,6,2.73478573,a,0,1,0.098710072,-1,-1,59.95405968,426,3
118,776.9258236,1.166619127,70,1.950563109,117,1.983924697,119,2.517675648,151,2.551019271,153,2,3.018335583,b,0,1,0.098710072,0,0,59.95405968,426,3
119,779.9448477,1.049919744,63,1.6336502,98,1.667118112,100,2.901328231,174,2.934687986,176,44,3.718935905,b,0,1,0.098710072,0,0,59.95405968,426,3
120,783.664471,1.183334568,71,1.750419243,105,1.78372217,107,2.601020407,156,2.634435157,158,19,3.168442383,a,0,1,0.098710072,-1,-1,59.95405968,426,3
121,786.8336082,1.133228208,68,1.767055125,106,1.800516803,108,2.434283592,146,2.467620983,148,8,2.934901365,a,0,1,0.098710072,-1,-1,59.95405968,426,3
122,789.7691988,1.13327697,68,1.917229751,115,1.950681897,117,2.784566521,167,2.817981638,169,20,3.135025433,l,0,1,0.098710072,1,1,59.95405968,426,3
123,792.9049128,1.083371891,65,1.700420672,102,1.733796559,104,2.617853903,157,2.651222091,159,23,3.201795539,a,0,1,0.098248072,-1,-1,59.95405968,426,3
124,796.1074302,1.150049605,69,1.917240383,115,1.950611137,117,3.06810061,184,3.101461465,186,37,3.468779903,l,0,1,0.098248072,1,1,59.95405968,426,3
125,799.5770152,1.183187182,71,1.65020139,99,1.683555646,101,2.267389858,136,2.30072175,138,5,3.3015782,nope,0,0,0.098248072,1,0,59.95405968,426,3
126,802.8792944,1.20027292,72,2.000795223,120,2.034142146,122,3.06834002,184,3.101729838,186,32,3.969179165,a,1,1,0.098248072,-1,-1,59.95405968,426,3
127,806.8491783,1.083392422,65,1.833943652,110,1.867306707,112,2.367693136,142,2.401048858,144,0,2.784939018,l,0,1,0.098248072,1,1,59.95405968,426,3
128,809.6348264,1.083222305,65,1.833837329,110,1.867179852,112,3.034774951,182,3.068031316,184,40,4.068878234,nope,0,0,0.098248072,0,0,59.95405968,426,3
129,813.7044294,1.083418086,65,1.517150632,91,1.550461992,93,2.284362308,137,2.317806022,139,14,3.318520952,nope,1,1,0,-1,1,59.95405968,426,3
130,817.0236547,1.050056865,63,1.533849941,92,1.56713087,94,2.534568171,152,2.567988787,154,28,3.568697118,nope,1,0,0.098248072,1,1,59.95405968,426,3
131,820.593103,1.133510881,68,1.667261831,100,1.70075174,102,2.8516116,171,2.884944591,173,39,3.885766211,nope,0,0,0.098248072,1,0,59.95405968,426,3
132,824.4795732,0.999998167,60,1.833968216,110,1.867418529,112,2.551323941,153,2.584647767,155,11,3.085211645,l,0,0,0.098248072,1,0,59.95405968,426,3
133,827.5654763,1.150011476,69,1.783844258,107,1.817131787,109,2.551065833,153,2.58441129,155,14,3.58519918,nope,0,0,0.098248072,0,-1,59.95405968,426,3
134,831.1513992,1.016838996,61,1.600536821,96,1.633882644,98,2.90154601,174,2.934902099,176,46,3.569021587,b,0,1,0.098248072,0,0,59.95405968,426,3
135,834.7211086,1.133337464,68,1.633626736,98,1.667000056,100,2.534328394,152,2.567795572,154,22,3.118384052,l,0,1,0.098248072,1,1,59.95405968,426,3
136,837.8401965,1.183374897,71,1.783910618,107,1.817229311,109,2.450970436,147,2.484390318,149,8,3.48512908,nope,0,1,0,1,-1,59.95405968,426,3
137,841.3260534,1.033449946,62,1.483870802,89,1.517103336,91,2.451228177,147,2.484546503,149,26,2.835207062,a,0,1,0.098248072,-1,-1,59.95405968,426,3
138,844.1619563,1.199972649,72,1.716932633,103,1.750293121,105,2.984593799,179,3.018004149,181,44,3.535326364,b,0,1,0.098248072,0,0,59.95405968,426,3
139,847.6979928,1.066499898,64,1.783708605,107,1.817165151,109,3.101522325,186,3.13484945,188,47,4.135555582,nope,0,1,0,-1,1,59.95405968,426,3
140,851.8342799,1.116831003,67,1.550397831,93,1.583836046,95,2.184295141,131,2.21768056,133,6,3.218451585,nope,0,0,0.098248072,1,0,59.95405968,426,3
141,855.0534533,1.016744038,61,1.650576454,99,1.68399597,101,2.51792019,151,2.551281412,153,20,3.552076635,nope,0,0,0.098248072,0,0,59.95405968,426,3
142,858.6062555,1.01683093,61,1.517120568,91,1.550476657,93,2.517878394,151,2.551259414,153,28,3.552039238,nope,0,0,0.098941072,-1,1,59.95405968,426,3
143,862.1590086,1.100141593,66,1.650702942,99,1.683931076,101,2.467893756,148,2.501296774,150,17,3.502019037,nope,0,0,0.098941072,1,1,59.95405968,426,3
144,865.6617481,1.066787704,64,1.817379996,109,1.850794379,111,2.701396644,162,2.734778031,164,21,3.735557855,nope,0,0,0.098941072,-1,1,59.95405968,426,3
145,869.3980557,1.20020986,72,1.867332004,112,1.900704225,114,2.934927763,176,2.968201726,178,32,3.085276539,b,0,1,0.098941072,0,0,59.95405968,426,3
146,872.4840688,1.083233671,65,1.500175616,90,1.533520706,92,2.417531488,145,2.450887944,147,23,2.851480713,b,0,1,0.098941072,1,0,59.95405968,426,3
147,875.336241,1.183289472,71,1.700315449,102,1.733662739,104,2.317466888,139,2.350876505,141,5,2.751455342,a,0,1,0.098941072,-1,-1,59.95405968,426,3
148,878.0884677,1.03307305,62,1.583592603,95,1.616869133,97,2.400829246,144,2.434183502,146,17,3.135052564,b,0,0,0.098941072,-1,-1,59.95405968,426,3
149,881.2242579,0.999829883,60,1.683763526,101,1.717059121,103,2.284108599,137,2.317480453,139,4,2.851448816,a,0,1,0.098941072,0,-1,59.95405968,426,3
150,884.0763978,1.099927847,66,1.933876998,116,1.967296514,118,2.584406157,155,2.617767378,157,7,3.618571767,nope,0,0,0.098941072,-1,-1,59.95405968,426,3
151,887.6956812,1.049943942,63,1.717133913,103,1.750490736,105,2.317551946,139,2.351005925,141,4,3.35168016,nope,0,1,0,-1,1,59.95405968,426,3
152,891.0484012,1.200118568,72,1.867326138,112,1.900675261,114,2.617923563,157,2.651292118,159,13,3.652043711,nope,0,1,0,1,-1,59.95405968,426,3
153,894.7011638,1.000153618,60,1.433841435,86,1.467191658,88,2.451273639,147,2.484582433,149,29,2.885205999,l,0,1,0.098941072,-1,1,59.95405968,426,3
154,897.5870844,1.033193671,62,1.566947555,94,1.600264781,96,2.634458988,158,2.667765949,160,32,3.668549439,nope,0,1,0,-1,1,59.95405968,426,3
155,901.2563678,1.083404521,65,1.733945778,104,1.767271437,106,2.634606374,158,2.668000959,160,22,3.668769418,nope,1,0,0.098941072,-1,-1,59.95405968,426,3
156,904.9258573,1.183541714,71,1.783970746,107,1.817436824,109,2.384514533,143,2.417861823,145,4,3.418670977,nope,0,0,0.098941072,-1,-1,59.95405968,426,3
157,908.345307,1.016680978,61,1.533671392,92,1.567099707,94,2.084103686,125,2.117467108,127,1,2.517873628,a,0,1,0.098941072,-1,-1,59.95405968,426,3
158,910.8640213,1.166697586,70,1.633733426,98,1.667129111,100,2.884584559,173,2.91798721,175,43,3.502059733,b,0,1,0.098941072,1,0,59.95405968,426,3
159,914.3668572,1.116545031,67,1.60026918,96,1.633737825,98,2.551025504,153,2.58441019,155,25,3.585196247,nope,1,1,0,1,-1,59.95405968,426,3
160,917.9527867,1.083483713,65,1.76734403,106,1.800757313,108,3.001724999,180,3.035013261,182,42,4.035790519,nope,0,1,0,-1,1,59.95405968,426,3
161,921.9892903,1.100162124,66,1.733921581,104,1.767266304,106,2.567949191,154,2.601319212,156,18,2.951936142,a,0,1,0.098941072,-1,-1,59.95405968,426,3
162,924.9419253,1.166531502,70,1.933797806,116,1.967096334,118,2.650965816,159,2.684341703,161,11,3.685107962,nope,0,1,0,-1,1,59.95405968,426,3
163,954.4811878,1.033584867,62,1.834162164,110,1.86758498,112,2.935104112,176,2.968449936,178,34,3.302242535,a,0,1,0.098941072,-1,-1,59.95405968,426,3
164,957.7841962,1.183314403,71,1.833773535,110,1.867299374,112,2.46765398,148,2.501109059,150,6,2.968375509,b,0,1,0.099345322,0,0,59.95405968,426,3
165,960.7532518,1.066500998,64,1.717045555,103,1.75034115,105,2.717767818,163,2.751136373,165,28,3.268558312,a,0,1,0.099345322,-1,-1,59.95405968,426,3
166,964.0225027,1.033110813,62,1.533496509,92,1.566868363,94,2.534279999,152,2.567650387,154,28,3.568424711,nope,0,0,0.099345322,0,0,59.95405968,426,3
167,967.5916358,1.100145626,66,1.817373764,109,1.850678524,111,2.71816488,163,2.751517303,165,22,3.752299326,nope,0,0,0.099345322,0,0,59.95405968,426,3
168,971.3446258,1.000096424,60,1.500487986,90,1.533913735,92,2.284470464,137,2.317797222,139,15,3.318510686,nope,0,1,0,1,0,59.95405968,426,3
169,974.6638452,1.133537278,68,1.834050342,110,1.86740643,112,3.085042995,185,3.118404583,187,43,4.119173775,nope,0,0,0.099345322,0,0,59.95405968,426,3
170,978.7837247,1.083463915,65,1.633847814,98,1.66727393,100,2.334512296,140,2.367897716,142,10,2.818438826,l,0,1,0.099345322,1,1,59.95405968,426,3
171,981.6028605,1.03317094,62,1.750397245,105,1.78379293,107,2.551109829,153,2.584464085,155,16,3.585276539,nope,0,1,0,1,0,59.95405968,426,3
172,985.1888454,1.066836832,64,1.617200934,97,1.650566922,99,2.250949024,135,2.284324178,137,6,3.285106569,nope,0,0,0.099345322,0,0,59.95405968,426,3
173,988.4746816,1.100222252,66,1.583916338,95,1.617191768,97,2.618032086,157,2.651419705,159,30,3.652125837,nope,0,1,0,1,0,59.95405968,426,3
174,992.1275425,1.116855567,67,1.867365734,112,1.900747121,114,3.001672204,180,3.034965599,182,36,3.368868555,b,1,1,0.099345322,0,0,59.95405968,426,3
175,995.4971124,1.149942549,69,1.650359775,99,1.683715497,101,2.767913041,166,2.801172339,168,35,3.802040522,nope,0,0,0.099345322,0,0,59.95405968,426,3
176,999.2998569,1.200290152,72,2.017551726,121,2.050927613,123,3.185130693,191,3.218424455,193,38,4.219214544,nope,0,0,0.099345322,0,0,59.95405968,426,3
177,1003.519776,1.183607341,71,1.734046602,104,1.767350629,106,2.417975112,145,2.451223044,147,9,3.452010201,nope,0,1,0,-1,1,59.95405968,426,3
178,1006.972507,1.200213159,72,1.934075712,116,1.967432168,118,2.651292118,159,2.684707968,161,11,3.135222314,b,1,1,0.099345322,0,0,59.95405968,426,3
179,1010.108486,1.200024711,72,1.983984091,119,2.017428171,121,2.784684576,167,2.817962206,169,16,3.235310745,b,0,0,0.099345322,0,-1,59.95405968,426,3
180,1013.344489,1.016508294,61,1.800317356,108,1.833715607,110,3.01805621,181,3.051415599,183,41,3.502003638,l,1,1,0.099345322,-1,1,59.95405968,426,3
181,1016.847197,1.166576598,70,2.000544081,120,2.033987061,122,2.968080738,178,3.00133747,180,26,3.33522686,l,0,1,0.099345322,1,1,59.95405968,426,3
182,1020.183114,1.199950285,72,1.683663436,101,1.717016958,103,2.767850714,166,2.801307993,168,33,3.235184991,a,0,1,0.099345322,0,-1,59.95405968,426,3
183,1023.418993,1.066512364,64,1.600271014,96,1.633705928,98,2.484289128,149,2.517718177,151,21,3.518448139,nope,0,0,0.099345322,0,0,59.95405968,426,3
184,1026.938159,1.083485546,65,1.784038939,107,1.817330501,109,2.834858763,170,2.868156191,172,31,3.185330507,l,0,1,0.100038322,1,1,59.95405968,426,3
185,1030.124205,1.199986948,72,1.850493375,111,1.883905559,113,2.484375287,149,2.51775484,151,6,3.501792459,l,0,1,0.100038322,1,1,59.95405968,426,3
186,1033.626728,1.13348375,68,1.800733849,108,1.834032377,110,2.351160277,141,2.384457339,143,1,3.385320021,nope,0,0,0.100038322,1,1,59.95405968,426,3
187,1037.012751,1.100085865,66,1.750602192,105,1.783964513,107,2.384418842,143,2.417782997,145,6,3.418624782,nope,0,0,0.100038322,1,1,59.95405968,426,3
188,1040.432084,1.100110429,66,1.917492625,115,1.950875478,117,2.918272083,175,2.951635504,177,28,3.952336503,nope,1,0,0.100038322,-1,1,59.95405968,426,3
189,1044.38516,1.116901029,67,1.617222198,97,1.650641348,99,2.601303813,156,2.634769158,158,27,3.635456958,nope,0,1,0,1,-1,59.95405968,426,3
190,1048.021335,1.016738905,61,1.500527949,90,1.533798246,92,2.034253235,122,2.067556529,124,0,2.418110032,l,0,1,0.100038322,1,1,59.95405968,426,3
191,1050.440149,1.066588257,64,1.533685324,92,1.566980918,94,2.334192228,140,2.367591579,142,16,3.318626175,a,0,0,0.100038322,-1,1,59.95405968,426,3
192,1053.75946,1.033109346,62,1.600232151,96,1.633672565,98,2.150718707,129,2.184051331,131,1,2.868193587,l,0,0,0,1,-1,59.95405968,426,3
193,1056.62837,1.133150482,68,1.950641568,117,1.983906365,119,2.717840045,163,2.751149938,165,14,3.118409349,l,0,1,0.100038322,1,1,59.95405968,426,3
194,1059.747484,1.04979729,63,1.700290518,102,1.733756597,104,2.834575724,170,2.867877918,172,36,2.968220424,l,0,0,0,1,0,59.95405968,426,3
195,1062.716409,1.150018075,69,1.883919124,113,1.917210319,115,2.751259927,165,2.78457642,167,20,3.518776274,l,0,0,0,1,0,59.95405968,426,3
196,1066.235878,1.066615754,64,1.817099524,109,1.850541771,111,2.867917147,172,2.901283135,174,31,3.769043731,b,0,1,0.100038322,0,0,59.95405968,426,3
197,1070.005608,1.016356876,61,1.433339517,86,1.4667616,88,1.9671022,118,2.000480287,120,0,2.584575173,a,0,1,0.100038322,-1,-1,59.95405968,426,3
198,1072.590879,1.183325768,71,1.783804662,107,1.817227111,109,2.984739718,179,3.018144568,181,40,4.018885163,nope,0,0,0.100038322,-1,-1,59.95405968,426,3
199,1076.61046,1.082733586,65,1.616414877,97,1.649840259,99,2.400377923,144,2.433737312,146,15,3.434502471,nope,0,0,0.100038322,1,0,59.95405968,426,3
200,1080.046402,1.133516013,68,1.600564685,96,1.633971369,98,2.834919257,170,2.868211552,172,42,3.868988076,nope,1,0,0.100038322,-1,-1,59.95405968,426,3
201,1083.916099,1.016752104,61,1.48379161,89,1.517247056,91,2.334535761,140,2.367906148,142,19,3.368614479,nope,0,1,0,1,0,59.95405968,426,3
202,1087.28542,1.116881231,67,1.58389764,95,1.617257028,97,2.35116431,141,2.384499868,143,14,3.385257327,nope,0,0,0.100038322,-1,-1,59.95405968,426,3
203,1090.671649,0.99983025,60,1.650316146,99,1.683740061,101,2.684527585,161,2.717930603,163,30,3.51874071,l,0,1,0.100038322,-1,1,59.95405968,426,3
204,1094.191097,1.166599695,70,1.717097617,103,1.750404211,105,2.968026843,178,3.001386965,180,43,3.451993336,a,0,1,0.100038322,-1,-1,59.95405968,426,3
205,1097.643776,1.149952815,69,1.733821124,104,1.767154481,106,2.534362858,152,2.56771968,154,16,3.568566231,nope,0,0,0.100731322,0,0,59.95405968,426,3
206,1101.213048,1.133542411,68,1.817336734,109,1.850703822,111,2.751388615,165,2.784748004,167,24,3.285526361,b,0,1,0.100731322,0,0,59.95405968,426,3
207,1104.499268,1.149843192,69,1.766989497,106,1.800427345,108,2.500907045,150,2.5342701,152,12,3.535105652,nope,0,0,0.100731322,0,0,59.95405968,426,3
208,1108.035054,1.100162491,66,1.617176369,97,1.650547857,99,2.834833465,170,2.868258847,172,41,3.868941514,nope,1,1,0,1,0,59.95405968,426,3
209,1111.904715,1.083414053,65,1.85081931,111,1.884194831,113,2.551278112,153,2.584651066,155,10,3.585418425,nope,0,1,0,-1,1,59.95405968,426,3
210,1115.490849,1.066822167,64,1.600601348,96,1.633985667,98,2.251064146,135,2.284423902,137,7,2.651625752,b,0,0,0,-1,1,59.95405968,426,3
211,1118.143171,1.016488496,61,1.600290812,96,1.633712894,98,2.317533615,139,2.350898136,141,11,2.818198683,a,0,1,0.100731322,-1,-1,59.95405968,426,3
212,1120.962072,1.099950945,66,1.533562502,92,1.566936556,94,2.684482123,161,2.717829779,163,37,3.185127393,a,0,1,0.100731322,0,-1,59.95405968,426,3
213,1124.147889,1.133264138,68,1.76713725,106,1.800455576,108,3.001377799,180,3.034768718,182,42,3.318517285,l,0,1,0.100731322,1,1,59.95405968,426,3
214,1127.467099,1.166730949,70,1.583748787,95,1.617145939,97,2.617969026,157,2.651244089,159,30,3.018412576,b,0,1,0.100731322,0,0,59.95405968,426,3
215,1130.486208,0.999889644,60,1.717095784,103,1.750386246,105,2.601054138,156,2.634407293,158,21,3.502066699,l,0,1,0.100731322,1,1,59.95405968,426,3
216,1133.988969,1.083243203,65,1.717010359,103,1.750495502,105,2.701177766,162,2.734564285,164,27,3.168461081,b,0,1,0.100731322,0,0,59.95405968,426,3
217,1158.424365,1.083562905,65,1.650660779,99,1.684024201,101,2.601468064,156,2.634770991,158,25,3.102275752,a,0,1,0.100731322,-1,-1,59.95405968,426,3
218,1161.527387,1.049648071,63,1.850362488,111,1.88365295,113,2.417494092,145,2.450804719,147,2,2.834727142,l,0,1,0.100731322,-1,1,59.95405968,426,3
219,1164.362803,1.199898956,72,1.983868969,119,2.01727052,121,2.751180368,165,2.784477063,167,14,3.785276319,nope,0,0,0.100731322,0,0,59.95405968,426,3
220,1168.148803,1.033501641,62,1.633888511,98,1.667339557,100,2.918214155,175,2.951575377,177,45,3.46895222,a,1,1,0.100731322,0,-1,59.95405968,426,3
221,1171.618447,1.183243277,71,1.817124821,109,1.85037862,111,3.001327204,180,3.034633065,182,39,3.351954767,l,0,1,0.100731322,1,1,59.95405968,426,3
222,1174.971181,1.033073416,62,1.466713571,88,1.500069293,90,2.784419502,167,2.817780724,169,47,3.818555782,nope,0,0,0.100731322,1,0,59.95405968,426,3
223,1178.790448,1.183617973,71,1.750665985,105,1.784040772,107,2.384511233,143,2.417960446,145,6,3.368885786,a,1,0,0,-1,1,59.95405968,426,3
224,1182.160032,1.08320874,65,1.883928657,113,1.91726898,115,3.101531858,186,3.134802155,188,41,3.435366253,l,0,1,0.100731322,1,1,59.95405968,426,3
225,1185.596098,0.999768289,60,1.600288612,96,1.633612804,98,2.367503954,142,2.400963433,144,14,3.401697062,nope,0,0,0.100269322,1,1,59.95405968,426,3
226,1188.998498,1.06675764,64,1.73392598,104,1.767288302,106,2.367770128,142,2.401180479,144,6,2.818443593,a,0,1,0.100269322,-1,-1,59.95405968,426,3
227,1191.817637,1.099872852,66,1.5836157,95,1.61692706,97,2.651115768,159,2.684449859,161,32,3.018199563,a,0,1,0.100269322,-1,-1,59.95405968,426,3
228,1194.83654,1.049916812,63,1.617028617,97,1.650404504,99,2.767946404,166,2.801380586,168,37,3.802075352,nope,0,0,0.100269322,-1,1,59.95405968,426,3
229,1198.639341,1.183600375,71,1.884099507,113,1.91751169,115,3.05168104,183,3.085064259,185,38,3.502343139,l,0,1,0.100269322,1,1,59.95405968,426,3
230,1202.142388,1.083252369,65,1.633686497,98,1.667044052,100,2.20079207,132,2.234178589,134,2,3.234940082,nope,0,0,0.100269322,-1,-1,59.95405968,426,3
231,1205.378027,1.133560742,68,1.900795516,114,1.934153805,116,3.168367957,190,3.201791139,192,44,4.202516335,nope,1,0,0.100269322,0,-1,59.95405968,426,3
232,1209.581248,1.200219025,72,1.734057234,104,1.767455486,106,2.651352245,159,2.684822356,161,23,3.13529454,a,1,1,0.100269322,-1,-1,59.95405968,426,3
233,1212.717238,1.166733882,70,1.783832526,107,1.817242876,109,2.617868935,157,2.65122979,159,18,3.351996562,l,0,1,0.100269322,-1,1,59.95405968,426,3
234,1216.069932,1.049853384,63,1.500292571,90,1.533562869,92,2.217434551,133,2.250793573,135,11,3.251639757,nope,0,0,0.100269322,0,-1,59.95405968,426,3
235,1219.322263,1.000075893,60,1.567186232,94,1.600566885,96,2.734778397,164,2.768079125,166,38,3.535667331,a,1,1,0.100269322,-1,-1,59.95405968,426,3
236,1222.858626,1.200033143,72,1.767127717,106,1.800487472,108,2.90119881,174,2.934619059,176,36,3.385308656,a,0,1,0.100269322,0,-1,59.95405968,426,3
237,1226.244628,1.066558193,64,1.833732472,110,1.867082695,112,2.567659919,154,2.600971645,156,12,3.601778234,nope,0,0,0.100269322,1,0,59.95405968,426,3
238,1229.847129,1.100229584,66,1.917440197,115,1.950823783,117,2.484571067,149,2.517976651,151,2,3.518695615,nope,0,0,0.100269322,1,1,59.95405968,426,3
239,1233.366544,1.033494309,62,1.567290355,94,1.600535721,96,2.134298037,128,2.167758616,130,2,2.568359818,a,1,1,0.100269322,-1,-1,59.95405968,426,3
240,1235.935599,1.049798023,63,1.767076756,106,1.800417813,108,2.851169076,171,2.884594825,173,33,3.885423778,nope,0,0,0.100269322,0,-1,59.95405968,426,3
241,1239.821729,1.150141996,69,1.800569965,108,1.833998646,110,2.617981124,157,2.651297617,159,17,3.652083674,nope,0,0,0.100962322,0,0,59.95405968,426,3
242,1243.474521,1.066723177,64,1.767279136,106,1.800638525,108,2.467843161,148,2.501196684,150,10,3.001835722,l,0,1,0.100962322,-1,1,59.95405968,426,3
243,1246.477066,1.083223405,65,1.600359005,96,1.633639935,98,2.484449346,149,2.517682247,151,21,3.518573893,nope,0,0,0.100962322,-1,-1,59.95405968,426,3
244,1249.996347,1.100107863,66,1.934051148,116,1.967457465,118,2.484550536,149,2.517912858,151,1,2.951823219,a,0,1,0.100962322,-1,-1,59.95405968,426,3
245,1252.948887,1.116465105,67,1.566862863,94,1.600172023,96,2.417503258,145,2.450832583,147,19,2.768002132,l,0,1,0.100962322,1,1,59.95405968,426,3
246,1255.717632,1.166703452,70,1.883874395,113,1.917291711,115,3.168243302,190,3.201556495,192,45,4.202372249,nope,0,0,0.100962322,-1,-1,59.95405968,426,3
247,1259.92072,1.100119228,66,1.934109076,116,1.96747983,118,3.018346582,181,3.051657575,183,33,3.452352268,b,0,1,0.100962322,0,0,59.95405968,426,3
248,1263.373769,1.066513097,64,1.650272883,99,1.68358351,101,2.884602891,173,2.917925983,175,42,3.28523159,a,0,1,0.100962322,-1,-1,59.95405968,426,3
249,1266.659701,1.1497662,69,1.950420489,117,1.983731116,119,3.101281815,186,3.1346819,188,37,3.518587459,b,0,1,0.100962322,0,0,59.95405968,426,3
250,1270.179043,1.199908122,72,2.017277853,121,2.050604611,123,2.751138206,165,2.784505294,167,12,3.785323981,nope,0,1,0,1,-1,59.95405968,426,3
251,1273.965081,1.116760976,67,1.700628919,102,1.733925614,104,2.834790203,170,2.868161323,172,36,3.252101712,l,0,1,0.100962322,1,1,59.95405968,426,3
252,1277.21788,1.099940313,66,1.533626296,92,1.56689366,94,2.384242859,143,2.417664942,145,19,2.801500841,a,0,1,0.100962322,0,-1,59.95405968,426,3
253,1280.020077,1.116634489,67,1.833757037,110,1.867129624,112,2.701100773,162,2.734556219,164,20,3.118456645,l,0,1,0.100962322,-1,1,59.95405968,426,3
254,1283.139232,1.049857417,63,1.800447143,108,1.833801766,110,2.450948804,147,2.484309293,149,7,3.48499306,nope,0,0,0.100962322,0,0,59.95405968,426,3
255,1286.624931,1.20031105,72,1.650550423,99,1.684020168,101,2.868293311,172,2.901645367,174,41,3.902476152,nope,0,0,0.100962322,-1,-1,59.95405968,426,3
256,1290.528121,1.183437958,71,1.650467565,99,1.683828786,101,2.567856067,154,2.601303447,156,23,3.201959423,a,0,0,0.100962322,0,0,59.95405968,426,3
257,1293.73077,1.016488496,61,1.717052521,103,1.750422176,105,2.667798945,160,2.701212595,162,25,3.135113791,b,0,1,0.100962322,0,0,59.95405968,426,3
258,1296.866574,1.099902183,66,1.667003356,100,1.70044927,102,2.717833445,163,2.751264327,165,31,3.752030219,nope,0,0,0.101077822,0,0,59.95405968,426,3
259,1300.619304,1.016687577,61,1.784019508,107,1.81730887,109,2.467837662,148,2.501338936,150,9,3.502026736,nope,0,0,0.101077822,-1,-1,59.95405968,426,3
260,1304.122043,1.066773405,64,1.600569085,96,1.633951204,98,2.351081818,141,2.384442673,143,13,3.385216631,nope,0,0,0.101077822,1,1,59.95405968,426,3
261,1307.507985,1.083482613,65,1.750653153,105,1.784014375,107,2.584636768,155,2.617994323,157,18,3.068620492,l,0,1,0.101077822,1,1,59.95405968,426,3
262,1310.577299,1.166620593,70,1.667011422,100,1.700392442,102,2.834662248,170,2.867968109,172,38,3.201852733,a,0,1,0.101077822,-1,-1,59.95405968,426,3
263,1313.779841,1.04983542,63,1.516972449,91,1.550291875,93,2.467724739,148,2.501035,150,25,2.901563241,l,0,1,0.101077822,-1,1,59.95405968,426,3
264,1316.682095,0.999840882,60,1.43348067,86,1.466928783,88,2.734499024,164,2.767986734,166,46,3.168190874,l,0,1,0.101077822,1,1,59.95405968,426,3
265,1319.851012,1.200219759,72,1.934106876,116,1.967596052,118,2.968285318,178,3.001672204,180,30,3.402192747,b,0,1,0.101077822,1,0,59.95405968,426,3
266,1323.254007,1.066437204,64,1.616905795,97,1.650228521,99,2.167295194,130,2.200656416,132,1,3.201454572,nope,0,0,0.101077822,0,0,59.95405968,426,3
267,1326.456175,1.016716541,61,1.617197634,97,1.650630715,99,2.284393838,137,2.31775396,139,8,3.018350982,l,0,1,0.101077822,1,1,59.95405968,426,3
268,1329.475239,1.050132391,63,1.767307,106,1.800716984,108,3.085059127,185,3.118366087,187,47,4.119221437,nope,0,0,0.101077822,-1,-1,59.95405968,426,3
269,1333.59516,1.150114499,69,1.967436201,118,2.000883214,120,2.884942025,173,2.918226621,175,23,3.235407169,l,0,1,0.101077822,1,1,59.95405968,426,3
270,1336.831261,0.999849681,60,1.416778795,85,1.450127184,87,2.567682283,154,2.601037272,156,37,3.318608577,l,0,1,0.101077822,1,1,59.95405968,426,3
271,1346.972176,1.033468278,62,1.717351692,103,1.750835735,105,2.251034083,135,2.284507127,137,0,2.651760305,l,0,1,0.101077822,-1,1,59.95405968,426,3
272,1349.624654,1.083164011,65,1.867108359,112,1.900517243,114,2.75123023,165,2.78447963,167,21,3.251872201,a,0,1,0.101077822,0,-1,59.95405968,426,3
273,1352.877201,1.066555993,64,1.483442211,89,1.516863193,91,2.450979968,147,2.484290961,149,26,3.185040135,l,0,1,0.101077822,1,1,59.95405968,426,3
274,1356.062947,1.166684754,70,1.683703398,101,1.717124748,103,2.7011609,162,2.734544853,164,29,3.201897462,b,0,1,0.100904572,0,0,59.95405968,426,3
275,1359.265528,1.133136917,68,1.633522246,98,1.666873569,100,2.501024001,150,2.534307496,152,20,3.535090254,nope,0,0,0.100904572,0,0,59.95405968,426,3
276,1362.801334,1.100184122,66,1.617254828,97,1.650643181,99,2.884951557,173,2.918225521,175,44,3.302176175,a,0,1,0.100904572,-1,-1,59.95405968,426,3
277,1366.104201,1.149896353,69,1.950609671,117,1.983967959,119,2.784508594,167,2.817949008,169,18,3.818732131,nope,0,0,0.100904572,0,0,59.95405968,426,3
278,1369.923622,1.183478287,71,1.700639551,102,1.733994907,104,2.334382142,140,2.367736398,142,6,2.818418662,l,0,1,0.100904572,-1,1,59.95405968,426,3
279,1372.742738,1.033141243,62,1.683664902,101,1.717045189,103,2.784514826,167,2.817985304,169,34,3.818677503,nope,0,0,0.100904572,0,0,59.95405968,426,3
280,1376.562111,1.100142326,66,1.767325331,106,1.800756946,108,2.768250342,166,2.801536404,168,28,3.402269372,a,0,1,0.100904572,-1,-1,59.95405968,426,3
281,1379.965089,1.016535792,61,1.750397978,105,1.783710438,107,2.350807578,141,2.384164767,143,4,2.834744007,b,0,1,0.100904572,0,0,59.95405968,426,3
282,1382.800521,1.116622757,67,1.633807485,98,1.667053218,100,2.501125191,150,2.534483846,152,20,3.068433144,l,0,1,0.100904572,1,1,59.95405968,426,3
283,1385.869643,1.150022475,69,1.917286212,115,1.950641934,117,2.501010435,150,2.534429218,152,3,2.984979494,b,0,1,0.100904572,0,0,59.95405968,426,3
284,1388.85539,1.183332368,71,1.933867099,116,1.967159394,118,3.118072416,187,3.151524195,189,39,3.835699814,b,0,1,0.100904572,0,0,59.95405968,426,3
285,1392.691789,1.19985936,72,1.633529945,98,1.666900699,100,2.234023504,134,2.267436787,136,4,2.95143569,a,0,1,0.100904572,0,-1,59.95405968,426,3
286,1395.643917,1.050020568,63,1.583728623,95,1.617099743,97,2.667917367,160,2.70126759,162,33,3.168510576,b,0,1,0.100904572,0,0,59.95405968,426,3
287,1398.813127,1.133360562,68,1.850593832,111,1.88392389,113,2.58447875,155,2.617848037,157,12,3.035026826,b,0,1,0.100904572,0,0,59.95405968,426,3
288,1401.848834,1.033258199,62,1.550203884,93,1.583598469,95,2.417592349,145,2.451008565,147,20,3.001652773,a,0,1,0.100904572,-1,-1,59.95405968,426,3
289,1404.851178,1.200043776,72,1.933955824,116,1.967357375,118,2.651180295,159,2.68454115,161,11,3.285293184,a,0,1,0.100904572,-1,-1,59.95405968,426,3
290,1408.137161,1.016429469,61,1.833750071,110,1.867110193,112,2.917873555,175,2.951341833,177,33,3.952138522,nope,0,1,0,1,0,59.95405968,426,3
291,1412.089988,1.166847538,70,1.867397998,112,1.900730256,114,2.851581536,171,2.884836068,173,27,3.235454465,a,0,1,0.100153822,-1,-1,59.95405968,426,3
292,1415.326137,1.099805759,66,1.833790033,110,1.867078295,112,3.068045248,184,3.101400604,186,42,3.518700381,l,0,1,0.100153822,-1,1,59.95405968,426,3
293,1418.84552,1.049684734,63,1.833491596,110,1.866852818,112,3.051301943,183,3.084537044,185,41,4.085382495,nope,0,0,0.100153822,0,0,59.95405968,426,3
294,1422.931807,1.183515683,71,1.650532825,99,1.68392301,101,2.301046218,138,2.334410006,140,7,2.768436224,l,0,1,0.100153822,1,1,59.95405968,426,3
295,1425.700936,1.16648494,70,1.850267897,111,1.883628753,113,3.051191954,183,3.084586173,185,40,3.468476333,l,0,1,0.100153822,1,1,59.95405968,426,3
296,1429.170237,1.116565195,67,1.600275046,96,1.633638101,98,2.817909411,169,2.851257801,171,41,3.852103252,nope,0,0,0.100153822,-1,-1,59.95405968,426,3
297,1433.02306,1.050047332,63,1.633902809,98,1.667239833,100,2.417851557,145,2.451162917,147,15,2.885177402,a,0,1,0.100153822,-1,-1,59.95405968,426,3
298,1435.908928,1.166620593,70,1.600294111,96,1.633643968,98,2.784547823,167,2.817914177,169,39,3.368662508,a,0,1,0.100153822,-1,-1,59.95405968,426,3
299,1439.278285,1.09975553,66,1.767029827,106,1.800338254,108,2.717659662,163,2.75106818,165,25,3.235049338,b,0,1,0.100153822,0,0,59.95405968,426,3
300,1442.514014,1.099907682,66,1.883945155,113,1.917277046,115,2.501019967,150,2.53437679,152,5,2.985037789,l,0,1,0.100153822,1,1,59.95405968,426,3
301,1445.499742,1.066503565,64,1.733762829,104,1.767057691,106,2.434243629,146,2.467627949,148,10,3.468390174,nope,0,0,0.100153822,0,0,59.95405968,426,3
302,1448.968863,1.183570311,71,1.867391765,112,1.900730256,114,2.918259617,175,2.951575377,177,31,3.952404696,nope,0,0,0.100153822,-1,-1,59.95405968,426,3
303,1452.921976,1.200174297,72,1.650525859,99,1.683900279,101,2.584590572,155,2.618011555,157,24,3.618736751,nope,0,0,0.100153822,1,0,59.95405968,426,3
304,1456.541429,1.083602502,65,1.684045465,101,1.717240236,103,2.884882264,173,2.918243119,175,40,3.252206569,l,0,1,0.100153822,1,1,59.95405968,426,3
305,1459.794327,1.016391339,61,1.833818997,110,1.867131823,112,3.051335673,183,3.084772054,185,41,3.718792185,l,0,1,0.100153822,-1,1,59.95405968,426,3
306,1463.51381,0.999908709,60,1.516977949,91,1.550343203,93,2.250892563,135,2.284254885,137,12,2.65141054,l,0,1,0.100153822,1,1,59.95405968,426,3
307,1466.165919,1.166673022,70,1.583664462,95,1.617056481,97,2.534451216,152,2.567766242,154,25,2.968281285,l,0,1,0.099980572,-1,1,59.95405968,426,3
308,1469.134893,1.083294532,65,1.850561202,111,1.883922057,113,2.934772311,176,2.968113002,178,33,3.385298757,b,0,0,0.099980572,-1,-1,59.95405968,426,3
309,1472.520884,1.116545031,67,1.950647067,117,1.984069883,119,2.634555779,158,2.667805178,160,9,3.668660528,nope,1,0,0.099980572,0,0,59.95405968,426,3
310,1476.190233,1.083476381,65,1.884106839,113,1.917526722,115,3.185149024,191,3.218485682,193,46,4.219333699,nope,0,1,0,-1,1,59.95405968,426,3
311,1480.410271,1.016644314,61,1.650368941,99,1.683734195,101,2.684596145,161,2.7179559,163,30,3.23512193,l,0,1,0.099980572,1,1,59.95405968,426,3
312,1483.646169,1.033269197,62,1.467080202,88,1.500365165,90,2.768027063,166,2.801382785,168,46,3.201903328,b,0,1,0.099980572,0,0,59.95405968,426,3
313,1486.848772,1.083288299,65,1.650470131,99,1.683757293,101,2.467709708,148,2.501073862,150,17,3.501856253,nope,0,0,0.099980572,1,1,59.95405968,426,3
314,1490.35132,1.183569945,71,1.700630385,102,1.733902149,104,2.951602507,177,2.985008091,179,43,3.985687459,nope,0,1,0,1,-1,59.95405968,426,3
315,1494.337712,1.066793203,64,1.867424028,112,1.900876541,114,2.985012124,179,3.018379212,181,35,3.368589915,l,0,1,0.099980572,-1,1,59.95405968,426,3
316,1497.707018,1.066905026,64,1.483786477,89,1.517160531,91,2.434621626,146,2.467888257,148,25,2.785065506,a,0,1,0.099980572,-1,-1,59.95405968,426,3
317,1500.492777,1.183380397,71,1.76716878,106,1.800544667,108,2.517696179,151,2.551069499,153,13,3.551852257,nope,0,0,0.099980572,1,1,59.95405968,426,3
318,1504.045351,1.033425749,62,1.834048141,110,1.867396898,112,2.851506743,171,2.884968789,173,29,3.885644856,nope,0,0,0.099980572,0,0,59.95405968,426,3
319,1507.931703,1.20000198,72,1.800567398,108,1.833815698,110,3.084798085,185,3.118171406,187,45,4.118915667,nope,0,1,0,1,-1,59.95405968,426,3
320,1512.051591,1.033379187,62,1.65051376,99,1.683958574,101,2.451139086,147,2.484508374,149,16,3.485281232,nope,0,0,0.099980572,1,1,59.95405968,426,3
321,1515.537654,1.050119192,63,1.533836009,92,1.567254425,94,2.801599098,168,2.83495812,170,44,3.835667917,nope,0,0,0.099980572,-1,1,59.95405968,426,3
322,1519.374046,1.116773808,67,1.867363534,112,1.900787817,114,2.401204676,144,2.434495138,146,0,2.835132636,b,0,1,0.099980572,0,0,59.95405968,426,3
323,1522.209891,1.166454143,70,1.983917364,119,2.017181429,121,2.701050911,162,2.734428998,164,11,3.134971538,b,0,1,0.099980572,0,0,59.95405968,426,3
324,1525.345582,1.033195871,62,1.733814891,104,1.767083355,106,2.584392958,155,2.617759679,157,19,3.135050364,a,0,1,0.099980572,-1,-1,59.95405968,426,3
325,1576.602057,1.016835696,61,1.850824443,111,1.884298587,113,2.734849524,164,2.768209646,166,21,3.769000835,nope,0,1,0,-1,1,59.95405968,426,3
326,1580.371827,1.150145296,69,1.684003303,101,1.717254535,103,2.351085118,141,2.384505734,143,8,3.385321854,nope,0,0,0.099980572,1,0,59.95405968,426,3
327,1583.757859,1.133491449,68,1.850662392,111,1.884025081,113,3.001560748,180,3.034943968,182,37,4.035703627,nope,0,0,0.100673572,0,0,59.95405968,426,3
328,1587.79429,1.10013976,66,1.700667415,102,1.734026437,104,2.901545643,174,2.934971025,176,40,3.435636461,a,0,1,0.100673572,-1,-1,59.95405968,426,3
329,1591.230627,1.03316984,62,1.68372393,101,1.716957931,103,2.70112607,162,2.734397834,164,29,3.735261617,nope,0,0,0.100673572,1,1,59.95405968,426,3
330,1594.966652,1.050011036,63,1.60047706,96,1.633908309,98,2.5178256,151,2.551205886,153,23,3.551984977,nope,0,0,0.100673572,1,1,59.95405968,426,3
331,1598.519375,1.016741838,61,1.750627856,105,1.784053238,107,2.301183338,138,2.334421739,140,1,2.768410193,a,0,1,0.100673572,0,-1,59.95405968,426,3
332,1601.288481,1.033225935,62,1.767132484,106,1.800491139,108,2.984751083,179,3.018111205,181,41,4.018897262,nope,0,0,0.100673572,1,1,59.95405968,426,3
333,1605.308068,1.033420983,62,1.517179596,91,1.550496455,93,2.517872895,151,2.551277746,153,28,2.918479596,b,0,1,0.100673572,0,0,59.95405968,426,3
334,1608.227246,1.016491796,61,1.583711391,95,1.617008086,97,2.367591212,142,2.40099423,144,15,2.834873428,a,0,1,0.100673572,0,-1,59.95405968,426,3
335,1611.06281,1.149890121,69,1.817175783,109,1.850502175,111,3.034706024,182,3.068060647,184,41,3.535404456,a,0,0,0.100673572,0,0,59.95405968,426,3
336,1614.598901,1.199957251,72,1.717044089,103,1.750406777,105,2.26744412,136,2.300952361,138,1,3.301601298,nope,0,0,0.100673572,0,-1,59.95405968,426,3
337,1617.901207,1.083492146,65,1.800686187,108,1.834103503,110,2.517919824,151,2.551287278,153,11,3.55216096,nope,0,0,0.100673572,1,1,59.95405968,426,3
338,1621.454073,1.050116625,63,1.717199907,103,1.750566995,105,2.96826882,178,3.001555249,180,43,4.002386401,nope,0,0,0.100673572,-1,-1,59.95405968,426,3
339,1625.457169,1.050153289,63,1.834073073,110,1.867345203,112,2.434541334,146,2.467928586,148,4,2.935174505,l,0,1,0.100673572,1,1,59.95405968,426,3
340,1628.393043,1.133199611,68,1.967193858,118,2.000550313,120,2.851339926,171,2.884652753,173,21,3.468669914,l,0,1,0.100673572,1,1,59.95405968,426,3
341,1631.862408,1.18327884,71,1.76707199,106,1.80051497,108,2.601121598,156,2.634415726,158,18,2.968272853,a,0,1,0.100673572,-1,-1,59.95405968,426,3
342,1634.831378,0.999920074,60,1.433500102,86,1.466974246,88,2.534381189,152,2.567791539,154,34,3.568602527,nope,0,0,0.100673572,0,0,59.95405968,426,3
343,1638.400673,1.133505381,68,1.900640431,114,1.934059214,116,2.551324308,153,2.584635301,155,7,3.135276942,a,0,1,0.101655322,-1,-1,59.95405968,426,3
344,1641.536655,1.049959707,63,1.633647267,98,1.667057984,100,2.484393985,149,2.517667948,151,19,2.985056487,b,0,1,0.101655322,1,0,59.95405968,426,3
345,1644.522398,1.149808362,69,1.950363295,117,1.983789043,119,2.851135346,171,2.884480069,173,22,3.885368416,nope,0,0,0.101655322,0,0,59.95405968,426,3
346,1648.408532,1.033337391,62,1.567087608,94,1.600460928,96,2.18434427,131,2.2176131,133,5,3.218394391,nope,0,0,0.101655322,0,0,59.95405968,426,3
347,1651.627665,1.083553373,65,1.684011369,101,1.717298164,103,2.718060757,163,2.751422712,165,30,3.75219007,nope,0,0,0.101655322,1,1,59.95405968,426,3
348,1655.380555,1.033469744,62,1.467236387,88,1.500547747,90,2.784897222,167,2.818295474,169,47,3.302167009,a,0,1,0.101655322,0,-1,59.95405968,426,3
349,1658.683404,1.099921981,66,1.63372316,98,1.666990157,100,2.934766078,176,2.968038942,178,46,3.251819406,a,0,0,0.101655322,-1,1,59.95405968,426,3
350,1661.935946,1.183299004,71,1.750344816,105,1.783739768,107,2.851208306,171,2.884544963,173,34,3.885458241,nope,0,1,0,1,0,59.95405968,426,3
351,1665.822182,1.083440451,65,1.7172714,103,1.750569195,105,3.001546083,180,3.034975865,182,45,3.452214781,b,0,1,0.101655322,0,0,59.95405968,426,3
352,1669.275092,1.133231141,68,1.650347309,99,1.683685067,101,2.33423879,140,2.367532918,142,9,3.368378736,nope,0,0,0.101655322,1,1,59.95405968,426,3
353,1672.644161,1.116747778,67,1.633832783,98,1.667210869,100,2.901512646,174,2.934869102,176,44,3.318596478,a,1,1,0.101655322,-1,-1,59.95405968,426,3
354,1675.963467,1.116748878,67,1.633877145,98,1.667293728,100,2.601299414,156,2.634701331,158,26,3.051915684,b,0,1,0.101655322,0,0,59.95405968,426,3
355,1679.016067,1.116539531,67,1.633593373,98,1.666953861,100,2.751245629,165,2.784585219,167,35,3.785245155,nope,0,1,0,-1,1,59.95405968,426,3
356,1682.802017,1.016903889,61,1.48382424,89,1.51723569,91,2.334482599,140,2.36792008,142,19,2.801849874,l,0,1,0.101655322,1,1,59.95405968,426,3
357,1685.604578,1.199924254,72,1.65027655,99,1.683729796,101,2.38423736,143,2.417599682,145,12,3.318500787,a,0,1,0.101655322,-1,-1,59.95405968,426,3
358,1688.923766,1.149950615,69,1.917234517,115,1.95057924,117,3.034779351,182,3.068119308,184,35,3.468827565,b,0,1,0.101655322,0,0,59.95405968,426,3
359,1692.393282,1.133202544,68,1.650269951,99,1.683571778,101,2.434192668,146,2.467654346,148,15,3.468304383,nope,0,0,0.101655322,-1,-1,59.95405968,426,3
360,1695.862293,1.166916831,70,1.917454862,115,1.95092424,117,2.834902392,170,2.868215951,172,23,3.218748923,b,0,1,0.101655322,0,0,59.95405968,426,3
361,1699.081739,1.133253139,68,1.583623399,95,1.616950158,97,2.200775571,132,2.234129827,134,5,2.718165247,a,0,1,0.101770822,-1,-1,59.95405968,426,3
362,1701.800613,1.049785191,63,1.767073456,106,1.800374184,108,2.901296701,174,2.934627858,176,36,3.251820506,b,0,1,0.101770822,0,0,59.95405968,426,3
363,1705.053124,1.066503932,64,1.883863396,113,1.917163391,115,2.550995807,153,2.584436587,155,8,3.58522631,nope,0,0,0.101770822,1,0,59.95405968,426,3
364,1708.639043,1.083491046,65,1.884124071,113,1.917388869,115,2.584575907,155,2.618019254,157,10,3.018552995,a,0,1,0.101770822,-1,-1,59.95405968,426,3
365,1711.658288,1.116626056,67,1.783815294,107,1.81710099,109,2.917967412,175,2.951309203,177,36,3.38530169,a,0,1,0.101770822,-1,-1,59.95405968,426,3
366,1715.044288,1.133135817,68,1.633566242,98,1.666949095,100,2.617697352,157,2.650989281,159,27,3.651773138,nope,0,0,0.101770822,1,1,59.95405968,426,3
367,1718.69687,1.10013756,66,1.850711887,111,1.884185298,113,2.868240882,172,2.901552609,174,29,3.385530101,l,0,1,0.101770822,-1,1,59.95405968,426,3
368,1722.083152,1.016331578,61,1.516828363,91,1.550215616,93,2.584325131,155,2.617693686,157,32,3.034899239,l,0,1,0.101770822,-1,1,59.95405968,426,3
369,1725.118829,1.099949845,66,1.550338437,93,1.583665196,95,2.684502654,161,2.71781548,163,36,3.151812,l,0,1,0.101770822,1,1,59.95405968,426,3
370,1728.271339,1.133176513,68,1.733669705,104,1.766915072,106,2.550866019,153,2.584245572,155,17,3.034843511,l,0,1,0.101770822,-1,1,59.95405968,426,3
371,1731.30698,1.099926747,66,1.917221685,115,1.950578874,117,2.584408723,155,2.617780211,157,8,2.918292981,b,0,1,0.101770822,0,0,59.95405968,426,3
372,1734.225962,1.200042676,72,1.883882828,113,1.917313709,115,3.168175842,190,3.201524965,192,45,3.768901845,l,0,1,0.101770822,1,1,59.95405968,426,3
373,1737.995566,1.049839452,63,1.75044784,105,1.783744901,107,2.651096703,159,2.684513653,161,22,3.685236649,nope,0,0,0.101770822,0,-1,59.95405968,426,3
374,1741.681526,1.18355198,71,1.884188598,113,1.917540654,115,2.651381209,159,2.684742064,161,14,3.085387261,a,0,1,0.101770822,-1,-1,59.95405968,426,3
375,1744.767609,1.066572858,64,1.55023578,93,1.583624866,95,2.083936502,125,2.117282692,127,0,3.118125943,nope,0,1,0,1,0,59.95405968,426,3
376,1747.886436,1.083415153,65,1.733925247,104,1.767301134,106,2.551273346,153,2.584603771,155,17,3.085304769,a,0,1,0.101770822,-1,-1,59.95405968,426,3
377,1750.97244,1.083231471,65,1.783732069,107,1.817141686,109,2.817862116,169,2.851222604,171,30,3.151846464,a,0,1,0.101770822,-1,-1,59.95405968,426,3
378,1754.124986,1.016388773,61,1.750299354,105,1.783731336,107,2.550936412,153,2.584304967,155,16,3.135032766,b,0,1,0.101020072,0,0,59.95405968,426,3
379,1808.650594,1.200297118,72,1.73403047,104,1.767453652,106,2.518091774,151,2.551336773,153,15,2.85199033,l,0,1,0.101020072,1,1,59.95405968,426,3
380,1811.503312,1.116429175,67,1.783694306,107,1.817049662,109,3.068036816,184,3.101388505,186,45,3.485240536,b,0,1,0.101020072,0,0,59.95405968,426,3
381,1814.989255,1.032934097,62,1.866920277,112,1.900287365,114,2.584072523,155,2.617451343,157,11,2.984721753,l,0,1,0.101020072,1,1,59.95405968,426,3
382,1817.975038,1.033036753,62,1.500068927,90,1.533443347,92,2.550956577,153,2.584319632,155,31,2.851393821,l,0,1,0.101020072,1,1,59.95405968,426,3
383,1820.827123,0.999903943,60,1.817160018,109,1.850567068,111,3.018153734,181,3.05150799,183,40,3.485409186,b,0,1,0.101020072,0,0,59.95405968,426,3
384,1824.313226,1.016494362,61,1.550334404,93,1.583599935,95,2.434360951,146,2.467615483,148,21,2.818226181,b,0,1,0.101020072,0,0,59.95405968,426,3
385,1827.132146,0.999812285,60,1.717038956,103,1.750369014,105,2.851264034,171,2.884555229,173,36,3.201737244,a,0,1,0.101020072,0,-1,59.95405968,426,3
386,1830.33457,1.200012979,72,1.650411103,99,1.683707065,101,2.717822813,163,2.751258461,165,32,3.118350688,l,0,1,0.101020072,1,1,59.95405968,426,3
387,1833.453649,1.183414127,71,1.983977492,119,2.017339447,121,2.951403427,177,2.98475365,179,26,3.502183288,a,0,1,0.101020072,0,-1,59.95405968,426,3
388,1836.956534,1.166517203,70,1.983906732,119,2.017120935,121,2.600977878,156,2.634349366,158,5,3.018242459,l,0,1,0.101020072,1,1,59.95405968,426,3
389,1839.975472,1.1833496,71,1.817114189,109,1.850476144,111,2.367562249,142,2.40092347,144,1,2.818157254,l,0,1,0.101020072,1,1,59.95405968,426,3
390,1842.794374,1.016511227,61,1.516774835,91,1.550245313,93,2.41754652,145,2.450901142,147,22,3.451689399,nope,0,1,0,1,0,59.95405968,426,3
391,1846.246853,1.166754414,70,1.817204013,109,1.850562668,111,2.384329384,143,2.417675941,145,2,3.418475196,nope,0,0,0.101020072,0,0,59.95405968,426,3
392,1849.666174,1.150262618,69,1.850796212,111,1.884065777,113,3.018345116,181,3.051755833,183,38,4.052432267,nope,0,1,0,1,0,59.95405968,426,3
393,1853.719322,1.03344848,62,1.550572348,93,1.583862443,95,2.234396735,134,2.267780321,136,9,2.751738014,a,0,1,0.101020072,-1,-1,59.95405968,426,3
394,1856.471758,1.066507231,64,1.83372514,110,1.867276643,112,3.034740121,182,3.068085578,184,40,3.185118594,b,0,0,0.101020072,0,-1,59.95405968,426,3
395,1859.657558,1.200022145,72,1.800495172,108,1.833803599,110,2.767870512,166,2.801231367,168,26,3.26860524,b,0,1,0.101020072,0,0,59.95405968,426,3
396,1862.926874,0.999732726,60,1.633577241,98,1.666943595,100,2.817821053,169,2.851202806,171,39,3.218396591,a,0,1,0.099980572,-1,-1,59.95405968,426,3
397,1866.145974,1.099961577,66,1.900616967,114,1.933883964,116,2.484316259,149,2.517767672,151,3,3.38537025,l,0,1,0.099980572,1,1,59.95405968,426,3
398,1869.532044,1.04979289,63,1.666991624,100,1.700355779,102,2.25078624,135,2.28426735,137,3,3.284881824,nope,0,0,0.099980572,1,0,59.95405968,426,3
399,1872.817644,1.166910965,70,1.984212502,119,2.017574091,121,2.918210489,175,2.95161094,177,24,3.652441139,l,0,1,0.099980572,1,1,59.95405968,426,3
400,1876.470786,1.116511667,67,1.93382127,116,1.967192391,118,2.934619059,176,2.967979181,178,28,3.968764871,nope,0,0,0.099980572,1,1,59.95405968,426,3
401,1880.440294,1.200193361,72,1.950795919,117,1.984144676,119,2.534587602,152,2.567934525,154,3,2.968525461,l,0,1,0.099980572,1,1,59.95405968,426,3
402,1883.409513,1.066507964,64,1.833854194,110,1.867213949,112,2.767835315,166,2.801204603,168,24,3.385012418,a,0,1,0.099980572,-1,-1,59.95405968,426,3
403,1886.79524,1.000059761,60,1.600609781,96,1.633883744,98,2.61799029,157,2.651351879,159,29,2.918548156,l,0,1,0.099980572,1,1,59.95405968,426,3
404,1889.714482,1.133290535,68,1.75037818,105,1.78372327,107,3.068076045,184,3.101464764,186,47,3.585482952,b,0,1,0.099980572,0,0,59.95405968,426,3
405,1893.300656,1.166681088,70,1.83382413,110,1.86710066,112,2.567647454,154,2.601005376,156,12,3.018268123,a,0,1,0.099980572,-1,-1,59.95405968,426,3
406,1896.319625,1.183386263,71,1.733817824,104,1.76717098,106,3.00154095,180,3.034830312,182,44,3.435215201,l,1,1,0.099980572,1,1,59.95405968,426,3
407,1899.75553,1.150071237,69,1.783810162,107,1.817171383,109,2.901370027,174,2.934799075,176,35,3.318663205,l,0,1,0.099980572,1,1,59.95405968,426,3
408,1903.075015,1.032990191,62,1.583434951,95,1.616794706,97,2.26737226,136,2.300639258,138,9,3.301519905,nope,0,0,0.099980572,1,0,59.95405968,426,3
409,1906.377326,1.20024359,72,1.934058481,116,1.967436934,118,2.918164293,175,2.951526982,177,27,3.185106129,l,0,0,0.099980572,1,0,59.95405968,426,3
410,1909.563125,1.100170923,66,1.767321665,106,1.800764646,108,2.517951354,151,2.55126308,153,13,3.552047304,nope,0,0,0.099980572,0,0,59.95405968,426,3
411,1913.115894,1.033395685,62,1.800670055,108,1.834068673,110,2.851555139,171,2.884915627,173,31,3.018615323,a,0,1,0.099980572,-1,-1,59.95405968,426,3
412,1916.135204,1.066615754,64,1.900474347,114,1.933816504,116,2.917997109,175,2.951383995,177,29,3.952081694,nope,0,1,0,1,0,59.95405968,426,3
413,1920.087993,1.000123188,60,1.600596582,96,1.633890344,98,2.301090581,138,2.334454369,140,10,3.335314852,nope,0,0,0.099807322,1,0,59.95405968,426,3
414,1923.424026,1.016771535,61,1.650489562,99,1.683910912,101,2.968253055,178,3.001568814,180,47,4.002314908,nope,0,0,0.099807322,0,0,59.95405968,426,3
415,1927.427062,1.083397188,65,1.784022441,107,1.817432425,109,2.968274319,178,3.001630408,180,39,4.002564951,nope,0,0,0.099807322,1,0,59.95405968,426,3
416,1931.43035,1.100088065,66,1.73392378,104,1.767281336,106,2.401111919,144,2.43450577,146,8,2.634840651,l,0,1,0.099807322,1,1,59.95405968,426,3
417,1934.065889,1.133314,68,1.633709961,98,1.667065317,100,2.651212192,159,2.684556915,161,29,3.135089227,a,0,1,0.099807322,-1,-1,59.95405968,426,3
418,1937.201674,0.999860313,60,1.433484336,86,1.466829793,88,2.584384525,155,2.617859403,157,37,3.618626761,nope,0,1,0,-1,1,59.95405968,426,3
419,1940.821011,1.183429159,71,1.934029883,116,1.967376807,118,3.034882374,182,3.068239563,184,34,3.502181455,a,0,1,0.099807322,-1,-1,59.95405968,426,3
420,1944.323899,1.166699052,70,1.917325441,115,1.9506456,117,3.018145302,181,3.051542087,183,34,3.485783883,l,0,1,0.099807322,1,1,59.95405968,426,3
421,1947.810388,1.199553957,72,1.766734322,106,1.800154572,108,2.35055167,141,2.3838227,143,3,3.384604724,nope,0,0,0.099807322,-1,-1,59.95405968,426,3
422,1951.195716,1.11682477,67,1.867396165,112,1.900823013,114,2.851504544,171,2.884877498,173,27,3.885646689,nope,0,0,0.099807322,-1,-1,59.95405968,426,3
423,1955.082097,1.01675687,61,1.533903469,92,1.567257358,94,2.117666555,127,2.150962516,129,3,3.151752606,nope,0,0,0.099807322,0,0,59.95405968,426,3
424,1958.234558,1.033421716,62,1.567256625,94,1.600535355,96,2.234363004,134,2.267784354,136,8,2.768412759,b,0,1,0.099807322,0,0,59.95405968,426,3
425,1961.003675,1.166636358,70,1.900483513,114,1.933844002,116,2.834547126,170,2.867971775,172,24,3.335227227,l,0,0,0,1,-1,59.95405968,426,3
426,1964.339618,1.133110886,68,1.883700245,113,1.917072833,115,2.934533634,176,2.967964516,178,31,3.968728575,nope,0,1,0,1,0,59.95405968,426,3
427,1968.309175,1.016763103,61,1.583851811,95,1.61716757,97,2.901524012,174,2.93485187,176,47,3.285448269,l,0,1,0.099807322,1,1,59.95405968,426,3
428,1971.595327,1.183326502,71,1.933844368,116,1.96720449,118,2.917965579,175,2.951375563,177,27,3.952200849,nope,0,0,0.099807322,0,-1,59.95405968,426,3
429,1975.548215,1.049995637,63,1.500293305,90,1.533662226,92,2.517770238,151,2.551176556,153,29,3.551911651,nope,0,0,0.099807322,-1,-1,59.95405968,426,3
430,1979.100931,1.200183462,72,1.633872379,98,1.667339557,100,2.884927726,173,2.918277949,175,43,3.001881184,l,0,1,0.099807322,1,1,59.95405968,426,3
431,1982.103527,1.066594856,64,1.833803965,110,1.867174353,112,2.684476623,161,2.717843711,163,19,3.08502613,b,0,1,0.099807322,0,0,59.95405968,426,3
432,1985.189236,1.049973639,63,1.550288209,93,1.583629632,95,2.367639241,142,2.401003762,144,17,3.401724926,nope,0,1,0,1,-1,59.95405968,426,3