Trial,ButtonPressTimeinOverallExp,squareStartTime,squareStartFrame,flash_circleStartTime,flash_circleStartFrame,flash_circleEndTime,flash_circleEndFrame,lilsquareStartTime,lilsquareStartFrame,lilsquareEndTime,lilsquareEndFrame,lilafterflash,ButtonPressTime,Key,false_presses,Acc,Opacity,FlashSide,CorrSide,date,frameRate,participant
0,200.5736452,1.016388785,61,1.800172023,108,1.900189768,110,2.800949282,164,2.834378355,166,24,3.835110884,nope,0,0,0.085,1,-1,NA,59.97233946,201
-1,204.4101794,1.182893278,71,1.93352535,116,1.966820236,118,2.584084316,155,2.617394601,157,7,3.618200823,nope,0,0,0.085,1,1,NA,59.97233946,201
-2,208.0297059,1.049488623,63,1.616513219,97,1.64983047,99,2.850883728,171,2.88422371,173,42,3.884957705,nope,0,0,0.085,-1,-1,NA,59.97233946,201
-3,211.9160594,1.166038505,70,1.716563594,103,1.749777821,105,3.484520828,209,3.517951734,211,74,4.518664832,nope,0,0,0.085,-1,-1,NA,59.97233946,201
-4,216.4362381,1.149745411,69,1.83349514,110,1.866769128,112,2.867564351,172,2.900903599,174,30,3.901848775,nope,0,0,0.085,-1,1,NA,59.97233946,201
-5,221.1466646,1.142872175,69,1.676622783,101,1.709860475,103,2.76080719,166,2.794121141,168,33,3.794952661,nope,0,0,0.075,1,1,NA,59.97233946,201
-6,224.9433305,1.015798508,61,1.716346182,103,1.74958974,105,2.617051067,157,2.65034302,159,22,3.651195804,nope,0,0,0.09290511,-1,-1,NA,59.97233946,201
-7,228.5960761,1.115979404,67,1.616349335,97,1.64958666,99,2.567123587,154,2.600419206,156,25,3.601202331,nope,0,0,0.105578116,1,-1,NA,59.97233946,201
-8,232.1988249,1.199447413,72,1.649798206,99,1.683032965,101,2.58384344,155,2.617166556,157,24,3.617934649,nope,0,0,0.116117731,-1,1,NA,59.97233946,201
-9,235.8182994,1.182707029,71,1.683237545,101,1.716449939,103,2.317034129,139,2.350392809,141,6,3.351175566,nope,0,0,0.12501138,1,1,NA,59.97233946,201
-10,239.1710218,1.132681292,68,1.849895657,111,1.883216574,113,3.000783858,180,3.034140704,182,37,4.034884232,nope,0,0,0.133022131,1,1,NA,59.97233946,201
-11,243.2074506,1.099284482,66,1.766547536,106,1.799871019,108,2.383741223,143,2.417073139,145,5,3.417788436,nope,0,0,0.140341098,1,1,NA,59.97233946,201
-12,246.6267745,1.032662447,62,1.633093019,98,1.66636774,100,2.617185988,157,2.650660523,159,27,3.651425682,nope,0,0,0.146996785,1,1,NA,59.97233946,201
-13,250.2797353,1.082545198,65,1.699724953,102,1.733018739,104,2.833966261,170,2.86733044,172,36,3.868058937,nope,0,0,0.153356341,-1,1,NA,59.97233946,201
-14,254.1494385,1.115712497,67,1.866358134,112,1.899583727,114,2.650331288,159,2.683655138,161,15,3.684440462,nope,1,0,0.159229225,1,-1,NA,59.97233946,201
-15,257.8356154,1.115823219,67,1.532816065,92,1.56605779,94,2.416846194,145,2.45013668,147,21,3.450986531,nope,0,0,0.164843909,-1,-1,NA,59.97233946,201
-16,261.2883115,0.999224575,60,1.499612837,90,1.532853095,92,2.550385036,153,2.583724651,155,31,3.050774399,l,0,1,0.170327287,1,1,NA,59.97233946,201
-17,264.3575022,1.115823586,67,1.783204695,107,1.816307099,109,2.883942503,173,2.917278085,175,34,3.91813197,nope,0,1,0,-1,-1,NA,59.97233946,201
-18,268.2771736,1.065838544,64,1.532957585,92,1.566177312,94,2.400288392,144,2.433662837,146,20,2.867274712,l,0,1,0.16777931,-1,1,NA,59.97233946,201
-19,271.1626827,1.166044738,70,1.683063762,101,1.716371846,103,2.350356879,141,2.383611802,143,8,2.984154563,l,0,1,0.166795252,1,1,NA,59.97233946,201
-20,274.1650823,1.032592787,62,1.78318233,107,1.816433587,109,3.534469206,212,3.567910011,214,73,4.568746297,nope,0,0,0.165921043,1,-1,NA,59.97233946,201
-21,278.7353817,1.099262118,66,1.68304103,101,1.716287888,103,3.117482959,187,3.150776012,189,54,3.651187739,l,0,1,0.169067701,1,1,NA,59.97233946,201
-22,282.404989,1.065844044,64,1.582844736,95,1.616087194,97,2.199903869,132,2.233333309,134,5,3.234120833,nope,0,0,0.168323547,-1,-1,NA,59.97233946,201
-23,285.6407127,0.999253172,60,1.632997328,98,1.666386805,100,2.333640693,140,2.367024303,142,10,3.367780297,nope,0,0,0.17095389,1,-1,NA,59.97233946,201
-24,289.0100369,1.182712895,71,1.816572907,109,1.849784201,111,3.284264626,197,3.317626605,199,56,4.318568114,nope,0,0,0.173545927,-1,-1,NA,59.97233946,201
-25,293.3301485,0.99917178,60,1.549610344,93,1.582847669,95,3.00072373,180,3.034025582,182,55,4.034909163,nope,0,0,0.176140785,1,-1,NA,59.97233946,201
-26,297.3666001,1.049141789,63,1.866383432,112,1.899658153,114,2.983901954,179,3.017256967,181,35,4.018117818,nope,0,0,0.178603313,-1,-1,NA,59.97233946,201
-27,301.3863828,1.13262923,68,1.649664386,99,1.68297577,101,3.25100127,195,3.28435995,197,64,4.285055449,nope,0,0,0.181138266,1,1,NA,59.97233946,201
-28,305.6729869,1.149440007,69,1.749912742,105,1.783133568,107,3.034173701,182,3.067562811,184,45,4.068393964,nope,0,0,0.183587697,-1,-1,NA,59.97233946,201
-29,309.7429387,1.099296948,66,1.649651187,99,1.682955605,101,2.717219131,163,2.750582577,165,32,3.751295675,nope,0,0,0.18614046,-1,-1,NA,59.97233946,201
-30,313.4957856,1.032597187,62,1.766557068,106,1.79979586,108,2.35027182,141,2.383727291,143,3,2.917392108,l,0,1,0.188629104,-1,1,NA,59.97233946,201
-31,316.4315815,1.082546298,65,1.632880006,98,1.666192857,100,2.900546867,174,2.933936711,176,44,3.934757232,nope,0,0,0.188014871,-1,-1,NA,59.97233946,201
-32,320.3679193,1.132660394,68,1.916632081,115,1.949889571,117,2.650425512,159,2.683882083,161,12,3.017384188,l,0,1,0.190335519,-1,1,NA,59.97233946,201
-33,323.4037329,1.165859956,70,1.79961841,108,1.832924662,110,3.350852564,201,3.384284204,203,61,4.385074661,nope,0,0,0.189743735,-1,-1,NA,59.97233946,201
-34,327.7904086,1.065875574,64,1.633057089,98,1.666229887,100,2.650424779,159,2.683784925,161,29,3.684572083,nope,0,0,0.191925236,1,-1,NA,59.97233946,201
-35,345.9733199,1.030538552,62,1.697699315,102,1.73093774,104,2.665052267,160,2.698494172,162,26,3.03208317,a,0,1,0.095,-1,-1,NA,59.97233946,201
-36,349.0240338,1.082181133,65,1.766052584,106,1.79934527,108,3.150486006,189,3.183828921,191,51,4.18469857,nope,0,1,0,1,1,NA,59.97233946,201
-37,353.2102843,1.082636123,65,1.833179104,110,1.86644136,112,2.433687401,146,2.467050481,148,4,3.467748913,nope,0,1,0,-1,-1,NA,59.97233946,201
-38,356.6795888,1.099357442,66,1.883282934,113,1.916523925,115,3.200916138,192,3.234270418,194,47,4.235083607,nope,0,0,0.078784573,-1,1,NA,59.97233946,201
-39,360.9162706,1.165995976,70,1.833185703,110,1.866498921,112,3.250960207,195,3.284341985,197,53,4.285107878,nope,0,0,0.088726774,1,-1,NA,59.97233946,201
-40,365.2029326,1.082778742,65,1.566422221,94,1.599676411,96,2.283704046,137,2.316997833,139,11,2.784041347,l,0,1,0.095742821,1,1,NA,59.97233946,201
-41,368.0052901,1.149216729,69,1.933199049,116,1.966425741,118,2.650377117,159,2.683736897,161,11,3.684588581,nope,0,0,0.094099996,-1,-1,NA,59.97233946,201
-42,371.6914171,1.182719495,71,1.783191496,107,1.816419655,109,3.601266491,216,3.634623338,218,77,4.635473189,nope,0,0,0.09921018,-1,1,NA,59.97233946,201
-43,376.32844,1.065808847,64,1.549540318,93,1.582833737,95,2.917462868,175,2.950658763,177,50,3.401011389,l,0,1,0.104020572,-1,1,NA,59.97233946,201
-44,379.7478453,1.032333212,62,1.833047483,110,1.86626281,112,3.551057071,213,3.584419417,215,71,4.034838037,l,0,1,0.102769136,-1,1,NA,59.97233946,201
-45,383.8010314,1.165979477,70,1.732916449,104,1.766361654,106,2.283431639,137,2.316786286,139,1,2.733725604,l,0,1,0.10173659,-1,1,NA,59.97233946,201
-46,386.5531447,1.182663034,71,1.899834503,114,1.933098592,116,2.533588924,152,2.567020197,154,6,3.567766658,nope,0,0,0.100840649,-1,1,NA,59.97233946,201
-47,390.1224559,1.149320119,69,1.69982541,102,1.733057969,104,3.084238668,185,3.117537587,187,51,3.551201524,l,0,1,0.104069444,-1,1,NA,59.97233946,201
-48,393.6920297,0.99917068,60,1.78311927,107,1.816340829,109,2.600425806,156,2.633681829,158,17,3.067462354,a,0,1,0.103292096,-1,-1,NA,59.97233946,201
-49,396.7778555,0.999048225,60,1.833102478,110,1.866346035,112,2.967250661,178,3.000710165,180,36,4.001449293,nope,0,1,0,-1,-1,NA,59.97233946,201
-50,400.7808418,1.099248553,66,1.933237911,116,1.966541597,118,2.767316728,166,2.800667342,168,18,3.184305542,l,0,1,0.101959376,-1,1,NA,59.97233946,201
-51,403.9834389,1.015758179,61,1.649664019,99,1.682910876,101,3.367602114,202,3.400978392,204,71,4.401720821,nope,0,1,0,1,1,NA,59.97233946,201
-52,408.3867065,1.016018487,61,1.683125722,101,1.716433074,103,2.350307384,141,2.383770187,143,8,2.834157643,a,0,1,0.100811964,-1,-1,NA,59.97233946,201
-53,411.2392093,0.999144283,60,1.44947821,87,1.482677406,89,2.133328763,128,2.166586252,130,9,2.60024029,l,0,1,0.100309796,1,1,NA,59.97233946,201
-54,413.8578677,1.082521001,65,1.883074321,113,1.916377639,115,2.466879997,148,2.500294772,150,3,3.300914085,a,0,1,0.099812926,-1,-1,NA,59.97233946,201
-55,417.1770539,1.01581464,61,1.799862587,108,1.833093312,110,2.6170562,157,2.650481974,159,17,3.050815461,l,0,1,0.099364956,-1,1,NA,59.97233946,201
-56,420.2461929,1.032464099,62,1.79968587,108,1.832985889,110,3.601096741,216,3.634453587,218,76,4.635240745,nope,0,1,0,1,1,NA,59.97233946,201
-57,424.8829841,1.166070402,70,1.699819178,102,1.733068235,104,2.71726716,163,2.750575245,165,29,3.06757821,l,0,0,0,-1,-1,NA,59.97233946,201
-58,427.968877,1.199393519,72,1.899883631,114,1.933127922,116,2.567049161,154,2.600341114,156,8,2.950630532,l,0,1,0.100169992,-1,1,NA,59.97233946,201
-59,430.937878,1.13256287,68,1.733017273,104,1.766355421,106,2.55037917,153,2.583652058,155,17,3.584520974,nope,0,0,0.099792219,1,1,NA,59.97233946,201
-60,434.5239432,1.032473265,62,1.833130342,110,1.866351535,112,2.633722158,158,2.66706104,160,16,3.100760173,a,0,1,0.101264647,-1,-1,NA,59.97233946,201
-61,437.6431633,1.082509635,65,1.5328058,92,1.566081254,94,3.267640097,196,3.300926551,198,72,4.301710775,nope,0,0,0.100915522,1,1,NA,59.97233946,201
-62,441.9465048,1.132532806,68,1.616243379,97,1.649492069,99,3.017369523,181,3.050602082,183,52,4.051492263,nope,0,0,0.102257366,-1,1,NA,59.97233946,201
-63,445.999589,1.049276343,63,1.88318101,113,1.916486895,115,2.667191194,160,2.70048608,162,15,3.701383227,nope,0,0,0.103521317,-1,1,NA,59.97233946,201
-64,449.702511,1.082541532,65,1.699747318,102,1.732976943,104,3.084181107,185,3.117552986,187,51,3.567804055,a,0,1,0.104818617,-1,-1,NA,59.97233946,201
1,474.5380021,1.09975817,66,1.550110063,93,1.583350321,95,3.401540071,204,3.434846689,206,79,3.901930167,a,0,1,0.099300001,-1,-1,NA,59.97233946,201
2,478.4581201,1.149422409,69,1.783236958,107,1.816545776,109,2.41706104,145,2.450421553,147,6,3.451304034,nope,0,0,0.109752633,1,-1,NA,59.97233946,201
3,481.9107139,0.999385893,60,1.533277288,92,1.566445319,94,2.667430971,160,2.700791117,162,36,3.117800462,l,0,1,0.114978948,1,1,NA,59.97233946,201
4,485.046623,1.016003455,61,1.466265523,88,1.499569575,90,2.88411262,173,2.917414472,175,53,3.317786456,a,0,1,0.099300001,1,-1,NA,59.97233946,201
5,488.3825713,1.116092693,67,1.766529938,106,1.799864053,108,3.317831919,199,3.351237161,201,61,3.718143409,l,0,1,0.109752633,-1,1,NA,59.97233946,201
6,492.1187871,1.199539804,72,1.850065407,111,1.883272668,113,3.067600208,184,3.100959254,186,41,4.101760343,nope,0,1,0,1,1,NA,59.97233946,201
7,496.2218482,1.182953772,71,1.616616243,97,1.649950725,99,2.950972966,177,2.984455934,179,48,3.301352943,a,0,1,0.109752633,1,-1,NA,59.97233946,201
8,499.5412512,1.182934341,71,1.950142546,117,1.983380604,119,3.618047938,217,3.651405884,219,68,4.652262335,nope,0,0,0.099300001,1,1,NA,59.97233946,201
9,504.1948169,0.999390659,60,1.800105297,108,1.833371585,110,3.334626931,200,3.368001742,202,60,3.718257798,a,0,1,0.099300001,1,-1,NA,59.97233946,201
10,507.9310807,1.199560336,72,1.633263869,98,1.666534557,100,2.383813816,143,2.41729605,145,13,2.900974726,a,0,1,0.099300001,1,-1,NA,59.97233946,201
11,510.8501098,1.082715682,65,1.69986574,102,1.733169791,104,2.76733396,166,2.80072417,168,32,3.13436193,a,0,1,0.114978948,1,-1,NA,59.97233946,201
12,514.0026625,0.999279203,60,1.516304459,91,1.549571481,93,2.333527404,140,2.366941811,142,17,2.700610734,a,0,1,0.114978948,1,-1,NA,59.97233946,201
13,516.7213459,1.116215148,67,1.7500011,105,1.783231092,107,3.601376847,216,3.634733694,218,79,4.635614709,nope,0,0,0.099300001,-1,1,NA,59.97233946,201
14,521.3582603,1.082880299,65,1.716703281,103,1.749949405,105,3.251151589,195,3.284511735,197,60,3.73487866,l,0,1,0.109752633,-1,1,NA,59.97233946,201
15,525.1113412,1.099415003,66,1.683206748,101,1.716452139,103,3.534655455,212,3.568013034,214,79,4.568808258,nope,0,1,0,1,1,NA,59.97233946,201
16,529.6814425,1.09961665,66,1.650043849,99,1.683226546,101,3.401353456,204,3.434695637,206,73,4.435476562,nope,0,0,0.109752633,1,-1,NA,59.97233946,201
17,534.1182309,1.082845469,65,1.49975399,90,1.533061708,92,2.750805122,165,2.784112107,167,43,3.784876533,nope,0,0,0.099300001,1,-1,NA,59.97233946,201
18,537.9044621,1.016246165,61,1.716785773,103,1.750026397,105,3.017698025,181,3.051098867,183,46,4.051951285,nope,0,0,0.114978948,1,1,NA,59.97233946,201
19,541.9577138,1.182886679,71,1.649983722,99,1.683232045,101,2.250435558,135,2.283796438,137,4,3.284521634,nope,0,0,0.099300001,-1,1,NA,59.97233946,201
20,545.24354,1.13291117,68,1.683411328,101,1.71664682,103,2.684197019,161,2.717509136,163,28,3.151174907,a,0,1,0.109752633,-1,-1,NA,59.97233946,201
21,548.4128129,1.099491996,66,1.850025811,111,1.883316297,113,3.451268104,207,3.484692778,209,64,3.868288448,l,0,1,0.109752633,-1,1,NA,59.97233946,201
22,552.2992503,1.199524406,72,1.633205941,98,1.666476996,100,2.800766333,168,2.834148477,170,38,3.317837418,l,0,1,0.109752633,-1,1,NA,59.97233946,201
23,555.6351454,1.049380467,63,1.549839856,93,1.58308158,95,2.734031008,164,2.767431484,166,39,3.768176479,nope,0,1,0,-1,-1,NA,59.97233946,201
24,559.4046238,1.082966091,65,1.700116515,102,1.73338757,104,2.333895868,140,2.36729671,142,6,2.867612746,l,0,1,0.109752633,1,1,NA,59.97233946,201
25,562.2903969,1.166183324,70,1.783318717,107,1.816542843,109,3.30117036,198,3.334461213,200,59,4.335334162,nope,0,1,0,1,1,NA,59.97233946,201
26,566.6270242,1.03284283,62,1.75007296,105,1.783316517,107,2.450621,147,2.484001311,149,10,3.484764271,nope,0,0,0.109752633,1,1,NA,59.97233946,201
27,570.1130958,1.132907503,68,1.816785553,109,1.850020678,111,2.967686219,178,3.001107226,180,37,3.33463463,a,0,1,0.099300001,1,-1,NA,59.97233946,201
28,573.46579,1.082805507,65,1.733350907,104,1.766524072,106,3.317893146,199,3.351257325,201,63,4.352106443,nope,0,0,0.094073685,-1,-1,NA,59.97233946,201
29,577.819187,1.199639895,72,1.850084838,111,1.883332062,113,2.383858545,143,2.41719486,145,0,2.867551152,a,0,1,0.109752633,-1,-1,NA,59.97233946,201
30,580.7047918,1.03276877,62,1.633238938,98,1.666482862,100,2.417095136,145,2.450457849,147,15,3.451335564,nope,0,0,0.099300001,1,1,NA,59.97233946,201
31,584.1574194,1.032842829,62,1.4665097,88,1.499763523,90,3.234557491,194,3.267928636,196,74,4.268667031,nope,0,0,0.114978948,-1,1,NA,59.97233946,201
32,588.4273956,0.999516413,60,1.83352557,110,1.866729165,112,3.401387186,204,3.434655308,206,62,4.435513958,nope,0,0,0.114978948,-1,1,NA,59.97233946,201
33,592.8642086,1.082887999,65,1.683306838,101,1.716599891,103,3.301218022,198,3.334666893,200,65,4.335454784,nope,0,0,0.099300001,-1,-1,NA,59.97233946,201
34,597.2010393,1.082736946,65,1.84999428,111,1.883292466,113,2.417095503,145,2.45054914,147,2,3.000958374,l,0,1,0.099300001,1,1,NA,59.97233946,201
35,600.220077,1.066072089,64,1.483019839,89,1.516333057,91,3.301131497,198,3.334485778,200,77,3.851546231,a,0,1,0.099300001,1,-1,NA,59.97233946,201
36,604.0897554,1.082738413,65,1.766607663,106,1.799923081,108,3.484675546,209,3.518033493,211,71,4.518772988,nope,0,1,0,1,1,NA,59.97233946,201
37,608.6098402,1.149643121,69,1.766789513,106,1.800080732,108,2.78425436,167,2.817531281,169,29,3.217979891,l,0,1,0.114978948,1,1,NA,59.97233946,201
38,611.8458154,0.999431355,60,1.599820131,96,1.633153146,98,2.684054033,161,2.717378982,163,33,3.718165406,nope,0,0,0.099300001,-1,1,NA,59.97233946,201
39,615.5652959,1.082797441,65,1.900102143,114,1.933404729,116,2.951007796,177,2.984282517,179,31,3.985153266,nope,0,1,0,-1,-1,NA,59.97233946,201
40,619.5517914,1.0828781,65,1.7834903,107,1.816737524,109,2.617317975,157,2.650754014,159,18,3.651499009,nope,0,0,0.114978948,1,-1,NA,59.97233946,201
41,623.2046004,1.099604185,66,1.850184929,111,1.883436552,113,2.784204132,167,2.817657036,169,24,3.818378566,nope,0,0,0.109752633,-1,1,NA,59.97233946,201
42,627.0242871,1.166206789,70,1.799971109,108,1.833280661,110,2.650671522,159,2.683997571,161,19,3.401201304,a,0,0,0,-1,-1,NA,59.97233946,201
43,630.4436477,1.082762611,65,1.666620349,100,1.699859507,102,2.90093183,174,2.934362736,176,42,3.48483723,a,0,1,0.109752633,-1,-1,NA,59.97233946,201
44,633.9465188,1.182605839,71,1.733039637,104,1.766286128,106,2.383500346,143,2.416824196,145,7,3.417600721,nope,0,0,0.099300001,-1,1,NA,59.97233946,201
45,655.1793524,0.999760223,60,1.566826616,94,1.600106836,96,2.784396246,167,2.817809921,169,41,3.184693071,l,0,1,0.099300001,1,1,NA,59.97233946,201
46,658.3822373,1.182824718,71,2.016892903,121,2.050112629,123,3.051020042,183,3.084399619,185,30,3.451355363,a,0,1,0.094073685,1,-1,NA,59.97233946,201
47,661.8516331,1.16616206,70,1.883338662,113,1.916689276,115,2.600668516,156,2.634030495,158,11,3.101060444,l,0,1,0.109752633,1,1,NA,59.97233946,201
48,664.9706288,1.166314578,70,1.983629914,119,2.016863205,121,2.584089816,155,2.617444096,157,4,3.618267183,nope,0,1,0,-1,-1,NA,59.97233946,201
49,668.5902045,1.199573535,72,1.716578993,103,1.749925941,105,2.450594969,147,2.48384036,149,12,2.834162042,a,0,1,0.114978948,1,-1,NA,59.97233946,201
50,671.4425195,1.049395865,63,1.883394023,113,1.916632448,115,2.483836327,149,2.517128646,151,4,3.518000862,nope,0,0,0.094073685,1,1,NA,59.97233946,201
51,674.9618333,1.166155827,70,1.933421227,116,1.966755343,118,3.651412484,219,3.68470187,221,71,4.685486094,nope,0,0,0.094073685,-1,1,NA,59.97233946,201
52,679.6487419,1.082882499,65,1.600028744,96,1.633279267,98,3.084450581,185,3.11788552,187,57,4.118712274,nope,0,0,0.099300001,1,1,NA,59.97233946,201
53,683.768766,0.999335298,60,1.616570414,97,1.649816904,99,3.217775311,193,3.251189718,195,64,4.251884851,nope,0,0,0.099300001,1,-1,NA,59.97233946,201
54,688.0219627,1.116338703,67,1.950237504,117,1.983526524,119,3.151161341,189,3.184588581,191,40,4.185306812,nope,0,0,0.099300001,1,-1,NA,59.97233946,201
55,692.2085747,1.016239932,61,1.783512665,107,1.816754023,109,2.417286885,145,2.450679661,147,6,2.917650583,a,0,1,0.109752633,-1,-1,NA,59.97233946,201
56,695.1444069,1.082694051,65,1.499718794,90,1.533102038,92,3.050876689,183,3.084272398,185,61,3.618071402,a,0,1,0.109752633,-1,-1,NA,59.97233946,201
57,698.7805737,1.182792454,71,1.666572687,100,1.699820277,102,2.483861625,149,2.517172642,151,17,3.517933769,nope,0,0,0.109752633,1,1,NA,59.97233946,201
58,702.2998076,1.049542884,63,1.733470796,104,1.766695655,106,2.467381549,148,2.500743528,150,12,3.50151932,nope,0,0,0.114978948,-1,1,NA,59.97233946,201
59,705.8026292,1.116208915,67,1.766729385,106,1.799979542,108,2.584069651,155,2.617395701,157,17,3.001020335,a,0,1,0.094073685,-1,-1,NA,59.97233946,201
60,708.8217373,1.16612393,70,1.666479196,100,1.699782881,102,3.484681779,209,3.517971532,211,77,4.518725692,nope,1,0,0.099300001,-1,1,NA,59.97233946,201
61,713.341807,1.03287656,62,1.466562495,88,1.499811918,90,3.117838591,187,3.151282696,189,67,4.151982229,nope,0,0,0.099300001,1,1,NA,59.97233946,201
62,717.4951033,1.01605295,61,1.616616976,97,1.649848068,99,3.06764127,184,3.101009849,186,55,4.101848702,nope,0,0,0.099300001,1,1,NA,59.97233946,201
63,721.5983158,1.199639895,72,2.033627787,122,2.066861079,124,2.717515369,163,2.750871483,165,9,3.117819893,l,0,1,0.114978948,-1,1,NA,59.97233946,201
64,724.7342019,1.082873333,65,1.816673364,109,1.849973749,111,3.28446554,197,3.317802222,199,56,3.718115545,l,0,1,0.109752633,-1,1,NA,59.97233946,201
65,728.470436,1.099494196,66,1.583197802,95,1.616420828,97,2.11695171,127,2.150270061,129,0,3.151079949,nope,0,0,0.099300001,-1,1,NA,59.97233946,201
66,731.6228306,1.099476597,66,1.683277874,101,1.716663685,103,2.233709839,134,2.267087217,136,1,2.667386608,a,0,1,0.094073685,1,-1,NA,59.97233946,201
67,734.3083651,1.066113884,64,1.483180424,89,1.516355788,91,2.150282893,129,2.183640473,131,8,3.18436237,nope,0,0,0.114978948,-1,1,NA,59.97233946,201
68,737.4940628,1.066146881,64,1.866811657,112,1.900078312,114,3.267979231,196,3.301323979,198,52,4.302099404,nope,0,0,0.099300001,-1,-1,NA,59.97233946,201
69,741.7975246,1.01616514,61,1.666598351,100,1.699830543,102,3.100978686,186,3.134354597,188,54,4.135125989,nope,0,0,0.109752633,1,1,NA,59.97233946,201
70,745.9339602,1.06619051,64,1.883583571,113,1.916783866,115,2.500680468,150,2.534093775,152,5,2.951086255,l,0,1,0.114978948,1,1,NA,59.97233946,201
71,748.9031104,1.082790841,65,1.783265922,107,1.81657364,109,3.551405371,213,3.584828211,215,74,4.201901276,a,0,1,0.109752633,-1,-1,NA,59.97233946,201
72,753.1231009,0.999425855,60,1.499682864,90,1.533085539,92,3.117704038,187,3.151176373,189,65,4.151884705,nope,0,0,0.094073685,1,1,NA,59.97233946,201
73,757.2762893,1.066187944,64,1.566560075,94,1.599807665,96,3.000969006,180,3.034285524,182,54,3.518010395,l,0,1,0.099300001,-1,1,NA,59.97233946,201
74,760.8124806,1.049404297,63,1.883474682,113,1.916633914,115,3.568039065,214,3.601302788,216,69,4.602096178,nope,0,1,0,1,1,NA,59.97233946,201
75,765.415904,1.132900537,68,1.8000701,108,1.833421447,110,3.31792541,199,3.351292889,201,59,4.352107177,nope,0,0,0.099300001,1,-1,NA,59.97233946,201
76,769.7693251,1.149642021,69,1.633416021,98,1.666598718,100,2.233782799,134,2.26709345,136,4,2.734196359,a,0,1,0.099300001,-1,-1,NA,59.97233946,201
77,772.5216452,1.132797147,68,1.783288287,107,1.816523045,109,3.000891281,180,3.034265359,182,41,3.467905465,l,0,1,0.109752633,-1,1,NA,59.97233946,201
78,776.0077528,1.149415443,69,1.950024124,117,1.983307645,119,2.500456823,150,2.533816602,152,1,3.534600093,nope,0,0,0.109752633,-1,1,NA,59.97233946,201
79,779.5436687,1.166279015,70,1.98360315,119,2.016846341,121,3.534729148,212,3.568105426,214,61,4.568958577,nope,0,0,0.099300001,1,-1,NA,59.97233946,201
80,784.1139373,1.099543324,66,1.816816717,109,1.850089605,111,3.468067516,208,3.501483757,210,67,4.502191355,nope,0,0,0.094073685,1,-1,NA,59.97233946,201
81,788.6174371,1.116160887,67,1.616640807,97,1.649860533,99,3.034311555,182,3.067702131,184,53,3.518041558,l,0,1,0.109752633,1,1,NA,59.97233946,201
82,792.153705,1.049324738,63,1.533085173,92,1.566344129,94,2.65051497,159,2.683890515,161,35,3.16768248,l,0,1,0.099300001,-1,1,NA,59.97233946,201
83,795.3394958,1.016118577,61,1.48301544,89,1.516308492,91,3.267732855,196,3.301121598,198,75,3.734757305,l,0,1,0.109752633,1,1,NA,59.97233946,201
84,799.0924655,0.999327598,60,1.599727006,96,1.633108417,98,2.950856377,177,2.984213957,179,49,3.768088121,a,0,1,0.114978948,-1,-1,NA,59.97233946,201
85,802.8786736,1.066095553,64,1.566453752,94,1.59976037,96,3.15103412,189,3.184381801,191,63,4.185204155,nope,0,0,0.109752633,1,1,NA,59.97233946,201
86,807.0651856,1.166294414,70,1.783370779,107,1.816682896,109,2.784179934,167,2.817587376,169,28,3.201228141,a,1,0,0.114978948,1,-1,NA,59.97233946,201
87,810.2845253,1.08277141,65,1.683240845,101,1.716465337,103,2.400382983,144,2.433743129,146,11,2.96761216,l,0,1,0.099300001,-1,1,NA,59.97233946,201
88,813.2701842,1.149428642,69,1.599769169,96,1.633073587,98,3.150964094,189,3.184334872,191,61,4.185213321,nope,0,1,0,1,1,NA,59.97233946,201
89,856.5369971,1.183170451,71,1.817026063,109,1.850228925,111,2.751054798,165,2.784345651,167,24,3.785144174,nope,0,0,0.109752633,1,1,NA,59.97233946,201
90,860.3235286,1.082942993,65,1.716761575,103,1.75003043,105,3.351374647,201,3.38474286,203,66,4.38552745,nope,0,1,0,1,1,NA,59.97233946,201
91,864.7103499,1.132920335,68,1.900178769,114,1.933431126,116,3.568121191,214,3.601459339,216,68,4.051776402,a,0,1,0.114978948,1,-1,NA,59.97233946,201
92,868.7802441,1.132816579,68,1.549829223,93,1.583051149,95,2.350431305,141,2.383794018,143,16,3.384572743,nope,0,0,0.109752633,1,1,NA,59.97233946,201
93,872.1661958,1.116216981,67,1.599936719,96,1.633235272,98,3.184449261,191,3.217742314,193,63,3.784961225,a,0,1,0.094073685,1,-1,NA,59.97233946,201
94,875.9693357,1.1660946,70,1.900009386,114,1.933257343,116,3.68466484,221,3.718043685,223,75,4.718876671,nope,0,0,0.099300001,1,-1,NA,59.97233946,201
95,880.6895113,1.066268603,64,1.61664154,97,1.649874465,99,2.684052933,161,2.717421878,163,32,3.034348218,l,0,1,0.109752633,-1,1,NA,59.97233946,201
96,883.7419693,1.149457972,69,1.716563228,103,1.749949038,105,2.667329414,160,2.70075812,162,25,3.267791883,a,0,1,0.099300001,1,-1,NA,59.97233946,201
97,887.0279047,1.099390072,66,1.58314464,95,1.616359234,97,2.917513829,175,2.95089634,177,48,3.951616771,nope,0,0,0.099300001,1,1,NA,59.97233946,201
98,890.9808651,1.099509227,66,1.91681833,115,1.95010515,117,3.017679327,181,3.051055605,183,34,3.384703997,a,0,1,0.114978948,1,-1,NA,59.97233946,201
99,894.3836191,1.082757844,65,1.816688762,109,1.849962384,111,3.167702644,190,3.20107049,192,49,3.568115691,a,0,1,0.109752633,1,-1,NA,59.97233946,201
100,897.9697335,1.066165213,64,1.666679743,100,1.699851074,102,3.401329625,204,3.434680605,206,72,4.435465196,nope,0,0,0.099300001,-1,1,NA,59.97233946,201
101,902.4064925,1.149571995,69,1.699954098,102,1.733262916,104,2.767551006,166,2.800932417,168,32,3.167785503,a,0,1,0.109752633,-1,-1,NA,59.97233946,201
102,905.5924248,1.099384206,66,1.866840254,112,1.900024051,114,3.184384734,191,3.217709317,193,47,3.584684125,l,0,1,0.114978948,-1,1,NA,59.97233946,201
103,909.194962,1.083101378,65,1.600130301,96,1.633366526,98,3.301422603,198,3.33477065,200,70,3.651800013,a,0,1,0.109752633,-1,-1,NA,59.97233946,201
104,912.8647534,1.032709742,62,1.549849388,93,1.583092579,95,2.517300597,151,2.55065561,153,26,3.551443501,nope,0,0,0.109752633,1,-1,NA,59.97233946,201
105,916.4174944,1.082829704,65,1.866823756,112,1.900045682,114,3.434602146,206,3.46795826,208,62,3.918382012,a,0,1,0.109752633,-1,-1,NA,59.97233946,201
106,920.3539913,1.01605295,61,1.733222953,104,1.766546069,106,2.667349945,160,2.700705692,162,24,3.70148845,nope,0,1,0,-1,-1,NA,59.97233946,201
107,924.0567769,1.032726241,62,1.816760989,109,1.850005646,111,3.451357196,207,3.484642916,209,66,4.485413941,nope,1,0,0.094073685,1,1,NA,59.97233946,201
108,928.5435426,1.032821198,62,1.666640147,100,1.699993327,102,3.484730541,209,3.518177579,211,77,4.168654419,l,0,1,0.099300001,1,1,NA,59.97233946,201
109,932.7302778,0.999441254,60,1.649903063,99,1.683181084,101,3.417926289,205,3.451309167,207,74,4.45214032,nope,0,1,0,1,1,NA,59.97233946,201
110,937.1837274,0.999458852,60,1.499802752,90,1.533099471,92,2.967728015,178,3.001116026,180,56,4.001833156,nope,0,0,0.109752633,-1,-1,NA,59.97233946,201
111,941.1868701,1.132920702,68,1.666671677,100,1.699915601,102,2.250372864,135,2.283748775,137,3,2.734168495,a,0,1,0.109752633,-1,-1,NA,59.97233946,201
112,943.9390838,1.132818779,68,1.750012099,105,1.78325419,107,3.501405298,210,3.534763244,212,73,4.051750004,l,0,1,0.109752633,-1,1,NA,59.97233946,201
113,948.0088959,1.149566495,69,1.866796625,112,1.900032117,114,2.85089986,171,2.8843271,173,27,3.351295088,l,0,1,0.109752633,1,1,NA,59.97233946,201
114,951.3782586,1.199467211,72,1.833299725,110,1.866603044,112,3.017559072,181,3.050929484,183,39,3.417870928,a,0,1,0.099300001,-1,-1,NA,59.97233946,201
115,954.8143163,1.082683785,65,1.63317991,98,1.666460864,100,2.183549915,131,2.216995119,133,1,3.217761745,nope,0,1,0,-1,-1,NA,59.97233946,201
116,958.0333799,1.049436928,63,1.516483009,91,1.549776062,93,2.634010697,158,2.66743757,160,35,3.184442295,l,0,0,0.099300001,1,-1,NA,59.97233946,201
117,961.2359701,1.015998322,61,1.516380352,91,1.549699069,93,2.500558013,150,2.533851799,152,27,3.534757745,nope,0,0,0.099300001,-1,1,NA,59.97233946,201
118,964.7721258,1.065958433,64,1.566325431,94,1.599678244,96,2.250257742,135,2.283581958,137,9,2.717236729,l,0,1,0.099300001,1,1,NA,59.97233946,201
119,967.5075075,1.04948129,63,1.516507206,91,1.549765796,93,2.700681494,162,2.73415493,164,39,3.184483725,a,0,1,0.109752633,1,-1,NA,59.97233946,201
120,970.7100742,0.999309633,60,1.53311047,92,1.566340096,94,2.717321421,163,2.750665436,165,39,3.117705504,l,0,1,0.109752633,1,1,NA,59.97233946,201
121,973.8458715,1.116049064,67,1.833358386,110,1.866620642,112,3.584639029,215,3.618015308,217,73,4.618787066,nope,0,0,0.099300001,1,1,NA,59.97233946,201
122,978.4659638,1.199644294,72,1.916947751,115,1.950191675,117,2.684202152,161,2.717569997,163,14,3.13463727,l,0,1,0.099300001,1,1,NA,59.97233946,201
123,981.6185832,1.049346003,63,1.516379252,91,1.54961951,93,2.56719618,154,2.600559993,156,31,3.601326252,nope,0,0,0.109752633,-1,1,NA,59.97233946,201
124,985.2213137,1.116174819,67,1.916874791,115,1.950088652,117,3.384674666,203,3.418031879,205,56,4.418815737,nope,0,0,0.099300001,1,-1,NA,59.97233946,201
125,989.6414335,1.066284735,64,1.53331835,92,1.566499947,94,2.433895281,146,2.467289524,148,22,2.884271738,a,0,1,0.099300001,-1,-1,NA,59.97233946,201
126,992.5437684,1.199470144,72,1.783270688,107,1.816559708,109,3.100966953,186,3.134319034,188,47,3.517964932,l,0,1,0.109752633,1,1,NA,59.97233946,201
127,996.0799227,1.099181826,66,1.849841395,111,1.883123449,113,3.634510782,218,3.667888527,220,75,4.668911061,nope,0,0,0.099300001,-1,-1,NA,59.97233946,201
128,1000.750347,1.149332584,69,1.783152266,107,1.816372726,109,2.550433798,153,2.58380421,155,14,3.06751075,a,0,1,0.109752633,1,-1,NA,59.97233946,201
129,1003.836008,1.082920629,65,1.850104637,111,1.883284767,113,2.683919846,161,2.717312255,163,18,3.117702571,l,0,1,0.109752633,1,1,NA,59.97233946,201
130,1006.971796,1.13280558,68,1.599901156,96,1.633084953,98,3.401163541,204,3.434602513,206,76,3.801607018,a,0,1,0.114978948,1,-1,NA,59.97233946,201
131,1010.791425,1.082684152,65,1.69982431,102,1.733057602,104,3.384473019,203,3.417836832,205,69,3.834825645,a,0,1,0.109752633,1,-1,NA,59.97233946,201
132,1014.644475,1.049395865,63,1.599829663,96,1.63307982,98,2.900784444,174,2.934190419,176,46,3.934904617,nope,0,0,0.099300001,-1,-1,NA,59.97233946,201
133,1023.734538,1.082984056,65,1.75017745,105,1.783461337,107,3.268089587,196,3.301453766,198,59,3.685115797,a,0,1,0.099300001,-1,-1,NA,59.97233946,201
134,1027.437781,1.066095186,64,1.766591532,106,1.799867719,108,3.150985725,189,3.184384001,191,51,4.185225053,nope,0,0,0.099300001,-1,1,NA,59.97233946,201
135,1031.624314,1.099559456,66,1.549827757,93,1.583131075,95,2.550685307,153,2.584035921,155,28,3.001047832,l,0,1,0.099300001,1,1,NA,59.97233946,201
136,1034.643424,1.116144755,67,1.950075453,117,1.983398936,119,2.583917866,155,2.617247215,157,6,3.618212555,nope,0,0,0.109752633,-1,1,NA,59.97233946,201
137,1038.262936,1.199537971,72,1.900091878,114,1.933303905,116,2.767460081,166,2.800789431,168,20,3.801579888,nope,0,0,0.094073685,-1,-1,NA,59.97233946,201
138,1042.065816,1.199642461,72,1.850151565,111,1.883397323,113,3.267839545,196,3.301333145,198,53,3.95179752,a,0,0,0.109752633,-1,1,NA,59.97233946,201
139,1046.035668,1.099514727,66,1.900105443,114,1.933581445,116,3.134400059,188,3.167830965,190,42,3.584739486,l,0,1,0.109752633,-1,1,NA,59.97233946,201
140,1049.638466,1.149461272,69,1.850124435,111,1.883391457,113,3.618057103,217,3.651493876,219,74,4.652270767,nope,0,0,0.109752633,1,-1,NA,59.97233946,201
141,1054.292057,1.032798467,62,1.583209901,95,1.616489022,97,3.050954415,183,3.084310161,185,56,4.085098052,nope,0,1,0,1,1,NA,59.97233946,201
142,1058.378497,0.999497715,60,1.783497266,107,1.816725792,109,2.550688974,153,2.584059019,155,14,3.58487954,nope,0,0,0.109752633,-1,-1,NA,59.97233946,201
143,1061.964685,1.082832637,65,1.866802858,112,1.900126708,114,2.967662388,178,3.0010394,180,34,3.50148449,l,0,1,0.099300001,-1,1,NA,59.97233946,201
144,1065.484212,1.199479677,72,1.783284987,107,1.81657804,109,2.634023529,158,2.667377809,160,19,3.668165333,nope,0,0,0.094073685,1,1,NA,59.97233946,201
145,1069.153686,1.049510254,63,1.499928874,90,1.533126236,92,3.251169187,195,3.284659121,197,73,4.285283127,nope,1,0,0.109752633,-1,-1,NA,59.97233946,201
146,1073.440274,1.082966824,65,1.866826689,112,1.900121942,114,3.101219929,186,3.134504183,188,42,3.718276862,l,0,1,0.094073685,1,1,NA,59.97233946,201
147,1077.176706,1.099486496,66,1.833345921,110,1.866641174,112,2.483812129,149,2.517186941,151,7,3.100998117,a,0,1,0.094073685,-1,-1,NA,59.97233946,201
148,1080.295814,1.08280404,65,1.833371952,110,1.866637141,112,2.550596582,153,2.583888535,155,11,2.984256853,a,0,1,0.109752633,-1,-1,NA,59.97233946,201
149,1083.298146,1.049384499,63,1.783291586,107,1.816629368,109,3.034317421,182,3.067696632,184,43,4.068495155,nope,0,0,0.114978948,1,1,NA,59.97233946,201
150,1087.367942,1.06619821,64,1.750065627,105,1.78329012,107,2.700818614,162,2.734172528,164,25,3.134479985,a,0,1,0.114978948,-1,-1,NA,59.97233946,201
151,1090.520477,1.16615766,70,1.833384051,110,1.866599011,112,3.434673273,206,3.468007022,208,64,4.468792713,nope,0,0,0.099300001,1,1,NA,59.97233946,201
152,1094.990621,0.999435021,60,1.816728725,109,1.849973749,111,3.651544471,219,3.68484229,221,78,4.685625048,nope,0,0,0.099300001,-1,1,NA,59.97233946,201
153,1099.677549,1.066202609,64,1.566535144,94,1.599877325,96,2.500663236,150,2.533952622,152,24,2.967690986,a,0,1,0.099300001,-1,-1,NA,59.97233946,201
154,1102.663296,1.032710109,62,1.51647311,91,1.549718501,93,2.717430677,163,2.750791557,165,40,3.751502455,nope,0,0,0.109752633,-1,1,NA,59.97233946,201
155,1106.416105,1.132860575,68,1.966912627,118,2.000155818,120,3.518125517,211,3.55155019,213,61,4.552299951,nope,0,0,0.099300001,1,1,NA,59.97233946,201
156,1110.969768,0.999382226,60,1.566561908,94,1.599813531,96,3.051041306,183,3.084416484,185,57,4.085204742,nope,0,0,0.099300001,-1,-1,NA,59.97233946,201
157,1115.056282,1.132784315,68,1.633105118,98,1.666444366,100,2.517153211,151,2.550476327,153,21,2.967487872,a,0,1,0.109752633,-1,-1,NA,59.97233946,201
158,1118.042099,1.199477844,72,2.033452537,122,2.066778954,124,2.700563439,162,2.73393935,164,8,3.734798001,nope,0,0,0.099300001,-1,-1,NA,59.97233946,201
159,1121.778202,1.132854708,68,1.649973089,99,1.683223613,101,2.917550859,175,2.950930437,177,44,3.951783955,nope,0,0,0.094073685,-1,-1,NA,59.97233946,201
160,1125.731301,1.16612723,70,1.883402456,113,1.916676444,115,2.984286184,179,3.017647796,181,34,4.018426521,nope,0,1,0,-1,-1,NA,59.97233946,201
161,1129.751101,1.066154214,64,1.716659652,103,1.749935106,105,3.151096814,189,3.18456915,191,54,4.185313411,nope,0,1,0,1,1,NA,59.97233946,201
162,1133.937716,1.182939107,71,1.649979322,99,1.683272008,101,2.533907527,152,2.567357131,154,21,2.984333112,l,0,1,0.109752633,1,1,NA,59.97233946,201
163,1136.940117,1.199514507,72,2.016888503,121,2.050138293,123,2.750843619,165,2.784141804,167,12,3.784850136,nope,0,0,0.099300001,1,1,NA,59.97233946,201
164,1140.726278,1.166331077,70,1.933618108,116,1.966867532,118,3.034465173,182,3.067820186,184,34,4.068535851,nope,0,0,0.109752633,1,1,NA,59.97233946,201
165,1144.796138,1.099529759,66,1.750100824,105,1.783367845,107,3.017757052,181,3.0511007,183,44,4.051813432,nope,0,0,0.099300001,1,-1,NA,59.97233946,201
166,1148.849304,1.149714614,69,1.866907348,112,1.900147972,114,2.750978172,165,2.784200832,167,21,3.785054716,nope,0,1,0,-1,-1,NA,59.97233946,201
167,1152.635673,1.032760338,62,1.699983062,102,1.73325595,104,3.434693071,206,3.468115178,208,72,4.468748717,nope,0,0,0.109752633,1,1,NA,59.97233946,201
168,1157.105769,1.182907577,71,2.016970995,121,2.050248649,123,3.718328557,223,3.751583481,225,70,4.752401435,nope,0,0,0.094073685,1,1,NA,59.97233946,201
169,1161.859489,1.182951939,71,1.766781813,106,1.800052502,108,3.26798913,196,3.301313347,198,58,3.784984323,l,0,1,0.099300001,-1,1,NA,59.97233946,201
170,1165.662579,1.199584533,72,1.933458257,116,1.966729678,118,3.367879287,202,3.401360789,204,54,4.402094785,nope,0,0,0.099300001,-1,-1,NA,59.97233946,201
171,1170.065975,1.016174305,61,1.833479008,110,1.866765095,112,3.668180732,220,3.701513381,222,78,4.118513926,l,0,1,0.094073685,1,1,NA,59.97233946,201
172,1174.202623,1.19951414,72,1.916764435,115,1.950060054,117,3.067656302,184,3.101013515,186,37,3.518085921,a,0,1,0.109752633,-1,-1,NA,59.97233946,201
173,1177.738802,1.066051924,64,1.816568874,109,1.849919854,111,3.668038112,220,3.701393859,222,79,4.06840203,a,0,1,0.114978948,1,-1,NA,59.97233946,201
174,1181.825249,1.116101492,67,1.916804398,115,1.95006812,117,2.450490479,147,2.48384256,149,0,2.917514196,a,0,1,0.109752633,1,-1,NA,59.97233946,201
175,1184.76096,1.099389339,66,1.849980349,111,1.883199342,113,2.88412142,173,2.917480466,175,30,3.33449201,l,0,1,0.094073685,-1,1,NA,59.97233946,201
176,1188.113454,1.099508861,66,1.650058148,99,1.683238278,101,2.51737209,151,2.550699972,153,20,3.551458899,nope,0,0,0.109752633,1,-1,NA,59.97233946,201
177,1247.476301,1.099696209,66,1.800202454,108,1.833503939,110,2.46744131,148,2.500706865,150,8,2.884367796,l,0,1,0.114978948,1,1,NA,59.97233946,201
178,1250.378983,1.082715682,65,1.699869406,102,1.733181157,104,2.7506911,165,2.784074344,167,31,3.784744546,nope,0,0,0.099300001,1,-1,NA,59.97233946,201
179,1254.165059,1.116294707,67,1.850240657,111,1.883468449,113,3.635039098,218,3.668390811,220,75,4.152015592,l,1,0,0.109752633,-1,1,NA,59.97233946,201
180,1258.335137,1.182896578,71,1.683293639,101,1.716536464,103,3.301150196,198,3.334586601,200,65,3.801528926,a,0,1,0.114978948,1,-1,NA,59.97233946,201
181,1262.154798,1.066167779,64,1.750007333,105,1.783297819,107,2.817421658,169,2.850817734,171,32,2.900819274,l,0,1,0.099300001,1,1,NA,59.97233946,201
182,1265.073873,1.115964739,67,1.532946953,92,1.566332397,94,2.350296385,141,2.383693194,143,17,2.717314822,l,0,1,0.109752633,-1,1,NA,59.97233946,201
183,1267.809328,1.082698083,65,1.916751603,115,1.949917435,117,3.167691645,190,3.201063891,192,43,3.701426856,l,0,1,0.109752633,-1,1,NA,59.97233946,201
184,1271.528811,1.166200923,70,1.716626655,103,1.749876079,105,2.750775059,165,2.784208531,167,30,2.884209044,l,0,1,0.109752633,1,1,NA,59.97233946,201
185,1274.431083,1.199555936,72,1.716560661,103,1.749961504,105,3.517943668,211,3.55134781,213,76,4.55224019,nope,0,1,0,1,1,NA,59.97233946,201
186,1278.984614,1.116199016,67,1.916858293,115,1.95007032,117,2.867569484,172,2.900932563,174,25,3.38463727,l,0,1,0.099300001,1,1,NA,59.97233946,201
187,1282.387125,1.099658813,66,1.933579978,116,1.966892829,118,3.201247206,192,3.234620185,194,44,4.235373245,nope,0,1,0,1,1,NA,59.97233946,201
188,1286.623797,1.082962058,65,1.566663831,94,1.599963117,96,3.284594961,197,3.317947041,199,71,4.318756196,nope,0,0,0.099300001,-1,-1,NA,59.97233946,201
189,1290.943867,1.199639528,72,1.88356414,113,1.916810264,115,2.500706499,150,2.534066278,152,5,3.067820553,a,0,1,0.109752633,-1,-1,NA,59.97233946,201
190,1294.029766,1.166180758,70,1.583085613,95,1.616388198,97,3.034353351,182,3.067586642,184,55,4.068461791,nope,0,0,0.109752633,-1,-1,NA,59.97233946,201
191,1298.099541,1.116148788,67,1.61654255,97,1.649797473,99,2.950923471,177,2.984277751,179,48,3.384597307,a,0,1,0.094073685,-1,-1,NA,59.97233946,201
192,1301.50227,0.999336031,60,1.449810745,87,1.483035238,89,2.150325789,129,2.183689235,131,10,2.584000724,a,0,1,0.109752633,-1,-1,NA,59.97233946,201
193,1304.104319,1.199390952,72,1.63304939,98,1.666355275,100,2.517138912,151,2.550525089,153,21,2.950835113,a,0,1,0.109752633,1,-1,NA,59.97233946,201
194,1307.073299,1.016061383,61,1.583231532,95,1.616403596,97,2.667282485,160,2.700643364,162,33,3.084296962,l,0,1,0.099300001,1,1,NA,59.97233946,201
195,1310.175769,1.116106992,67,1.549741598,93,1.583012653,95,2.934205451,176,2.967635624,178,51,3.968350555,nope,0,1,0,1,1,NA,59.97233946,201
196,1314.145432,1.016147541,61,1.616663905,97,1.649866766,99,3.117817327,187,3.151223302,189,58,3.618099999,a,0,1,0.109752633,1,-1,NA,59.97233946,201
197,1317.781765,1.032613318,62,1.599843595,96,1.633012727,98,2.500463422,150,2.533841167,152,22,2.900848971,l,0,1,0.109752633,-1,1,NA,59.97233946,201
198,1320.700625,1.182895111,71,1.666531624,100,1.699821377,102,3.201051059,192,3.234410472,194,60,4.235267289,nope,0,0,0.114978948,1,1,NA,59.97233946,201
199,1324.937184,1.04945196,63,1.649909295,99,1.683230212,101,2.76744175,166,2.800813262,168,35,3.151099014,l,0,1,0.109752633,1,1,NA,59.97233946,201
200,1328.106372,1.099536358,66,1.816693162,109,1.850004546,111,2.650809009,159,2.684104994,161,18,3.684897651,nope,0,0,0.099300001,-1,1,NA,59.97233946,201
201,1331.792682,1.18283755,71,1.899980055,114,1.933316004,116,3.184384367,191,3.217775311,193,45,3.618081301,l,0,1,0.099300001,-1,1,NA,59.97233946,201
202,1335.42881,1.099535625,66,1.566479782,94,1.599742405,96,3.284489371,197,3.317819453,199,71,4.318692769,nope,0,0,0.109752633,1,1,NA,59.97233946,201
203,1339.748805,1.016146808,61,1.61667637,97,1.6498587,99,2.417157097,145,2.450528976,147,16,3.451300001,nope,0,1,0,-1,-1,NA,59.97233946,201
204,1343.201413,1.116252911,67,1.716657452,103,1.749946105,105,2.634093556,158,2.667384409,160,23,3.668178532,nope,0,0,0.094073685,-1,-1,NA,59.97233946,201
205,1346.870964,1.132979363,68,1.616622109,97,1.649921394,99,2.850915258,171,2.884278338,173,42,3.301336811,a,0,1,0.109752633,1,-1,NA,59.97233946,201
206,1350.190408,1.066004995,64,1.666632081,100,1.699812945,102,3.468004455,208,3.501357269,210,76,3.918323718,a,0,1,0.109752633,-1,-1,NA,59.97233946,201
207,1354.126797,1.016029486,61,1.599801066,96,1.63308092,98,3.13438796,188,3.167747373,190,60,3.534646289,a,0,1,0.099300001,-1,-1,NA,59.97233946,201
208,1357.679555,1.182860281,71,1.916759302,115,1.950049055,117,3.434646142,206,3.467939928,208,59,4.468768515,nope,0,0,0.094073685,1,1,NA,59.97233946,201
209,1362.149617,1.066161913,64,1.766713253,106,1.800017672,108,2.383932971,143,2.417311449,145,5,2.834249667,l,0,1,0.099300001,-1,1,NA,59.97233946,201
210,1365.001997,1.116125323,67,1.93342856,116,1.966788706,118,2.517236069,151,2.550594016,153,3,3.551306747,nope,0,0,0.109752633,-1,1,NA,59.97233946,201
211,1368.554614,1.149590693,69,1.950199008,117,1.98349426,119,2.934373369,176,2.967660922,178,27,3.351313787,a,0,1,0.109752633,-1,-1,NA,59.97233946,201
212,1371.924042,1.132785782,68,1.916762602,115,1.950034757,117,3.201141983,192,3.234561157,194,45,3.584827111,a,0,1,0.109752633,-1,-1,NA,59.97233946,201
213,1375.526864,1.199542371,72,1.716613456,103,1.749884511,105,3.317783157,199,3.351154302,201,64,4.351991688,nope,0,1,0,1,1,NA,59.97233946,201
214,1379.880186,1.182927375,71,1.866798825,112,1.900057414,114,2.717464774,163,2.750874416,165,19,3.167797602,a,0,1,0.109752633,-1,-1,NA,59.97233946,201
215,1383.066074,1.082763711,65,1.866712667,112,1.900013785,114,2.567326701,154,2.600688314,156,10,2.934304809,l,0,1,0.099300001,-1,1,NA,59.97233946,201
216,1386.018489,1.199503875,72,2.033501666,122,2.066725426,124,3.434514522,206,3.467855236,208,52,3.901619997,l,0,1,0.099300001,1,1,NA,59.97233946,201
217,1389.938134,1.14941691,69,1.649807005,99,1.68311179,101,2.367099096,142,2.40041378,144,11,3.401240167,nope,0,1,0,-1,-1,NA,59.97233946,201
218,1393.34073,1.01608558,61,1.533163632,92,1.566469517,94,2.4506166,147,2.483915519,149,23,2.900916431,l,0,1,0.099300001,1,1,NA,59.97233946,201
219,1396.259565,1.199758683,72,1.783537229,107,1.816772721,109,3.518196277,211,3.551584654,213,72,3.9185063,a,0,1,0.109752633,1,-1,NA,59.97233946,201
220,1400.196251,1.099417936,66,1.816560808,109,1.849862293,111,2.68398034,161,2.71726826,163,20,3.134260373,l,0,1,0.109752633,1,1,NA,59.97233946,201
221,1407.451494,1.166428601,70,1.583502839,95,1.616838421,97,2.967907298,178,3.001264878,180,51,3.35155833,a,0,1,0.099300001,-1,-1,NA,59.97233946,201
222,1410.821168,1.199502408,72,1.916709807,115,1.950014225,117,2.900905799,174,2.934186753,176,27,3.934954112,nope,0,0,0.099300001,1,-1,NA,59.97233946,201
223,1414.757429,1.082966458,65,1.850235524,111,1.883432153,113,2.417362044,145,2.450700926,147,2,2.834280098,a,0,1,0.099300001,1,-1,NA,59.97233946,201
224,1417.609747,1.116155754,67,1.616531917,97,1.649877032,99,2.984351077,179,3.017781983,181,50,4.018494348,nope,0,0,0.109752633,-1,1,NA,59.97233946,201
225,1421.629545,1.032750805,62,1.483218553,89,1.516409316,91,2.984437969,179,3.017728455,181,58,3.818379666,a,0,1,0.114978948,-1,-1,NA,59.97233946,201
226,1425.465978,1.099380906,66,1.649951091,99,1.683124256,101,3.317861249,199,3.351192432,201,68,4.352018085,nope,0,0,0.109752633,-1,-1,NA,59.97233946,201
227,1429.819315,1.165472793,70,1.665873888,100,1.699147142,102,2.98356722,179,3.016978694,181,47,3.467311889,a,0,1,0.109752633,1,-1,NA,59.97233946,201
228,1433.305501,1.199410017,72,1.849979249,111,1.883220973,113,3.534559031,212,3.567986637,214,69,4.001578714,l,0,1,0.099300001,-1,1,NA,59.97233946,201
229,1437.325271,0.999303401,60,1.416370306,85,1.449602132,87,2.066876844,124,2.100233324,126,7,2.467105475,a,0,1,0.109752633,1,-1,NA,59.97233946,201
230,1439.810599,1.166146661,70,1.799969643,108,1.833216867,110,3.100981619,186,3.134345798,188,46,4.135123423,nope,0,1,0,1,1,NA,59.97233946,201
231,1443.947016,1.016074948,61,1.599936353,96,1.633159012,98,2.600804169,156,2.634171648,158,28,3.634881813,nope,0,0,0.099300001,-1,1,NA,59.97233946,201
232,1447.583197,1.016054417,61,1.499735659,90,1.533016246,92,3.184450728,191,3.217746347,193,69,3.234469133,l,0,0,0.099300001,-1,-1,NA,59.97233946,201
233,1450.835772,1.099567522,66,1.599934153,96,1.633179544,98,2.784119806,167,2.817514416,169,39,3.167760939,l,0,1,0.114978948,-1,1,NA,59.97233946,201
234,1454.021699,1.182741126,71,2.016807844,121,2.050032337,123,3.367874888,202,3.401232834,204,49,4.401908902,nope,0,1,0,1,1,NA,59.97233946,201
235,1458.424921,1.04958908,63,1.516536537,91,1.549883485,93,3.134585208,188,3.167918224,190,65,4.168756343,nope,0,0,0.109752633,-1,1,NA,59.97233946,201
236,1462.595012,1.066147981,64,1.533174998,92,1.566415989,94,2.817519549,169,2.850877495,171,45,3.851644488,nope,0,0,0.099300001,1,1,NA,59.97233946,201
237,1466.447946,0.999494049,60,1.633326196,98,1.666593585,100,3.017736154,181,3.051102534,183,51,3.534857468,a,0,1,0.099300001,1,-1,NA,59.97233946,201
238,1470.00082,1.14944404,69,1.566551276,94,1.599744971,96,2.250304671,135,2.283703313,137,9,3.284496703,nope,0,0,0.099300001,1,-1,NA,59.97233946,201
239,1473.286615,1.149630656,69,1.850173563,111,1.883423354,113,3.334583302,200,3.367959213,202,57,3.718250831,l,0,1,0.109752633,-1,1,NA,59.97233946,201
240,1477.023022,1.099352309,66,1.633195309,98,1.666478463,100,3.351206364,201,3.384475952,203,71,3.701465718,a,0,1,0.109752633,1,-1,NA,59.97233946,201
241,1480.74252,1.082858668,65,1.683234978,101,1.716617856,103,3.534716315,212,3.568131456,214,79,3.95175829,l,0,1,0.109752633,1,1,NA,59.97233946,201
242,1484.712241,1.099527559,66,1.800066434,108,1.833314391,110,2.483847326,149,2.517207106,151,9,3.518076755,nope,0,1,0,-1,-1,NA,59.97233946,201
243,1488.231675,1.049538118,63,1.583316957,95,1.616486822,97,2.41723519,145,2.450526409,147,18,3.451424656,nope,0,0,0.109752633,-1,-1,NA,59.97233946,201
244,1491.684412,1.199591133,72,1.83335802,110,1.866647773,112,3.534742713,212,3.568069496,214,70,3.934985276,a,0,1,0.109752633,1,-1,NA,59.97233946,201
245,1495.637515,1.099508127,66,1.733272448,104,1.766575766,106,2.30044663,138,2.333880469,140,2,2.867585249,a,0,1,0.094073685,-1,-1,NA,59.97233946,201
246,1498.523171,1.19951414,72,1.933419027,116,1.966668084,118,3.334386421,200,3.367805961,202,52,3.734765004,l,0,1,0.109752633,-1,1,NA,59.97233946,201
247,1502.276085,1.049400265,63,1.516396117,91,1.549673771,93,3.167693845,190,3.201015495,192,67,4.201797886,nope,0,0,0.099300001,-1,-1,NA,59.97233946,201
248,1506.479207,1.066286568,64,1.733466763,104,1.76671802,106,2.650768679,159,2.684175388,161,23,3.167912357,l,0,1,0.109752633,-1,1,NA,59.97233946,201
249,1509.665223,0.999362428,60,1.699908635,102,1.733145594,104,2.867436763,172,2.900914232,174,38,3.284410545,a,0,1,0.109752633,1,-1,NA,59.97233946,201
250,1512.967886,1.066032859,64,1.799943245,108,1.833190469,110,2.383731324,143,2.417095503,145,3,3.417802368,nope,0,0,0.099300001,1,1,NA,59.97233946,201
251,1516.387003,1.066307832,64,1.866863352,112,1.900114976,114,3.01767786,181,3.0511073,183,37,3.434672906,l,0,1,0.099300001,-1,1,NA,59.97233946,201
252,1519.839811,1.099382006,66,1.866777194,112,1.899986655,114,2.834063785,170,2.867514856,172,26,3.26781498,a,0,1,0.114978948,-1,-1,NA,59.97233946,201
253,1523.12574,1.149416543,69,1.716523998,103,1.749830983,105,2.684032768,161,2.717397681,163,26,3.117690839,l,0,1,0.109752633,-1,1,NA,59.97233946,201
254,1526.261501,1.032749339,62,1.850036077,111,1.883268635,113,3.284489371,197,3.31782202,199,54,3.701480017,a,0,1,0.109752633,1,-1,NA,59.97233946,201
255,1529.981119,1.09927165,66,1.799773495,108,1.83304675,110,3.434351004,206,3.467702718,208,66,3.868021907,l,0,1,0.099300001,-1,1,NA,59.97233946,201
256,1533.867471,1.13280228,68,1.966801172,118,2.000059394,120,2.884227009,173,2.917586056,175,23,3.918361481,nope,0,0,0.099300001,1,-1,NA,59.97233946,201
257,1537.787128,1.132869374,68,1.950238237,117,1.983489494,119,3.684927715,221,3.718283095,223,72,4.719068786,nope,0,0,0.094073685,-1,-1,NA,59.97233946,201
258,1542.507493,1.032839897,62,1.63331813,98,1.666558022,100,3.217795109,193,3.251223082,195,63,3.634857982,l,0,1,0.109752633,-1,1,NA,59.97233946,201
259,1546.160436,1.04944316,63,1.866750796,112,1.899993621,114,3.534615858,212,3.568042365,214,68,4.568805325,nope,0,0,0.099300001,-1,1,NA,59.97233946,201
260,1550.730549,1.06615458,64,1.850116369,111,1.883389257,113,2.517338726,151,2.550668809,153,8,2.951041159,a,0,1,0.109752633,1,-1,NA,59.97233946,201
261,1553.699734,1.199422116,72,2.03338911,122,2.066683263,124,2.783977553,167,2.8173388,169,13,3.23436171,a,0,1,0.094073685,-1,-1,NA,59.97233946,201
262,1556.952249,1.049412363,63,1.483088399,89,1.516345889,91,2.116827789,127,2.150259062,129,6,3.151103414,nope,0,1,0,-1,-1,NA,59.97233946,201
263,1560.104646,1.099473297,66,1.799925281,108,1.833237398,110,3.167790636,190,3.201110086,192,50,3.634790888,a,0,1,0.109752633,-1,-1,NA,59.97233946,201
264,1563.757536,0.999393592,60,1.649940459,99,1.683156519,101,2.817463088,169,2.85079097,171,38,3.284519434,a,0,1,0.099300001,-1,-1,NA,59.97233946,201
265,1571.429848,1.116434394,67,1.683570446,101,1.716830502,103,2.651019822,159,2.684354304,161,26,3.16812867,l,0,1,0.099300001,1,1,NA,59.97233946,201
266,1574.616057,1.016049651,61,1.583221633,95,1.616395531,97,2.784103675,167,2.81747262,169,40,3.134392727,a,0,1,0.099300001,-1,-1,NA,59.97233946,201
267,1577.768498,1.199548604,72,1.616551349,97,1.649869333,99,3.217759179,193,3.251110526,195,64,4.251877885,nope,0,0,0.099300001,-1,-1,NA,59.97233946,201
268,1582.021671,1.082981489,65,1.549979542,93,1.583227132,95,3.017794815,181,3.051152762,183,56,3.451528779,l,0,1,0.109752633,1,1,NA,59.97233946,201
269,1585.491271,1.08259726,65,1.749832083,105,1.783124036,107,3.250993937,195,3.284419711,197,58,4.285251964,nope,0,0,0.109752633,1,1,NA,59.97233946,201
270,1589.777858,1.066030659,64,1.533055476,92,1.566355861,94,3.167763505,190,3.201039326,192,66,3.584702823,a,0,1,0.099300001,1,-1,NA,59.97233946,201
271,1593.380703,1.199579034,72,1.683319304,101,1.716533164,103,2.700735756,162,2.734104701,164,29,3.234429903,a,0,1,0.099300001,-1,-1,NA,59.97233946,201
272,1596.633354,1.166038505,70,1.716552595,103,1.749771222,105,2.51709345,151,2.550486226,153,16,2.934133225,a,0,1,0.099300001,1,-1,NA,59.97233946,201
273,1599.585592,1.082517334,65,1.499582407,90,1.532804333,92,2.400385916,144,2.43367017,146,22,3.434449994,nope,0,0,0.094073685,1,-1,NA,59.97233946,201
274,1603.021527,1.166342076,70,1.950248503,117,1.983465663,119,3.784899998,227,3.81823558,229,78,4.81909863,nope,0,0,0.099300001,-1,-1,NA,59.97233946,201
275,1607.841939,1.166365174,70,1.583316224,95,1.616537784,97,3.000977439,180,3.034355917,182,53,3.16784893,a,0,1,0.094073685,-1,-1,NA,59.97233946,201
276,1611.027666,1.199589666,72,1.883472482,113,1.916696975,115,2.467141772,148,2.500577811,150,3,2.98432688,a,0,1,0.104526317,1,-1,NA,59.97233946,201
277,1614.030283,1.0493746,63,1.533156666,92,1.566326897,94,2.667287618,160,2.700645931,162,36,3.034240428,a,0,1,0.109752633,1,-1,NA,59.97233946,201
278,1617.082628,1.016036085,61,1.43304543,86,1.466263323,88,2.467191634,148,2.50055288,150,30,3.501329772,nope,0,0,0.099300001,-1,-1,NA,59.97233946,201
279,1620.585275,1.182943507,71,1.616615876,97,1.649874099,99,2.483877023,149,2.51730463,151,20,3.51802176,nope,0,0,0.094073685,-1,1,NA,59.97233946,201
280,1624.10461,1.04958468,63,1.716771474,103,1.749986068,105,2.800955881,168,2.834349757,170,33,3.217945061,a,0,1,0.109752633,1,-1,NA,59.97233946,201
281,1627.34065,1.166174525,70,1.583168105,95,1.616420461,97,2.934210218,176,2.967697951,178,49,3.451289002,l,0,1,0.109752633,-1,1,NA,59.97233946,201
282,1630.810109,1.166081034,70,1.649786474,99,1.683071461,101,2.817413959,169,2.850684281,171,38,3.851462639,nope,0,0,0.099300001,1,1,NA,59.97233946,201
283,1634.662869,1.166275715,70,1.81678482,109,1.850148266,111,2.517423051,151,2.550782464,153,10,2.967773844,a,1,0,0.099300001,1,-1,NA,59.97233946,201
284,1637.648683,1.08273548,65,1.56653551,94,1.599786034,96,3.217751113,193,3.251100627,195,67,3.901679025,l,0,1,0.114978948,-1,1,NA,59.97233946,201
285,1641.568419,1.016105379,61,1.549832156,93,1.583140974,95,3.384531313,203,3.41791859,205,78,3.784916129,a,0,1,0.099300001,1,-1,NA,59.97233946,201
286,1645.371392,1.182821418,71,1.616474723,97,1.649774009,99,3.301113533,198,3.334570469,200,69,3.701503115,l,0,1,0.099300001,1,1,NA,59.97233946,201
287,1649.091051,1.149465672,69,1.850020311,111,1.883237838,113,2.583840873,155,2.617200653,157,12,3.16767478,a,0,1,0.099300001,-1,-1,NA,59.97233946,201
288,1652.276864,1.032596087,62,1.766558902,106,1.799816024,108,2.900726883,174,2.934137258,176,36,3.317835952,a,0,1,0.109752633,-1,-1,NA,59.97233946,201
289,1655.612772,1.066124517,64,1.699851808,102,1.733171991,104,2.233640179,134,2.266979794,136,0,3.267811314,nope,0,0,0.099300001,1,1,NA,59.97233946,201
290,1658.881874,1.149632122,69,1.983541922,119,2.01684854,121,3.551565222,213,3.584864141,215,62,3.918387512,l,0,1,0.109752633,1,1,NA,59.97233946,201
291,1662.818451,1.132778816,68,1.599740938,96,1.633091186,98,2.650636325,159,2.683995738,161,31,3.117594781,l,0,1,0.109752633,1,1,NA,59.97233946,201
292,1665.954211,0.999378927,60,1.816615069,109,1.849927554,111,3.117724569,187,3.15107555,189,46,4.151869306,nope,0,0,0.099300001,1,-1,NA,59.97233946,201
293,1670.107371,1.032838063,62,1.733368139,104,1.766608763,106,2.51739812,151,2.550761933,153,15,2.984399839,l,0,1,0.099300001,-1,1,NA,59.97233946,201
294,1673.109802,1.066107652,64,1.699941632,102,1.733223319,104,2.550608315,153,2.583961128,155,19,2.967604827,a,0,1,0.109752633,1,-1,NA,59.97233946,201
295,1676.09546,1.11616382,67,1.933474389,116,1.966721246,118,3.417972118,205,3.451243907,207,57,4.452118322,nope,0,0,0.099300001,1,-1,NA,59.97233946,201
296,1680.548876,1.199533938,72,1.649897563,99,1.683192083,101,2.700778285,162,2.734197459,164,31,3.734885626,nope,0,0,0.109752633,-1,-1,NA,59.97233946,201
297,1684.285077,1.19968609,72,2.016990427,121,2.05028128,123,2.767612233,166,2.800944882,168,13,3.167902459,l,0,1,0.114978948,-1,1,NA,59.97233946,201
298,1687.470988,1.016064683,61,1.583292393,95,1.616474723,97,2.550578251,153,2.584029688,155,26,3.584788982,nope,0,1,0,-1,-1,NA,59.97233946,201
299,1691.057073,1.11616272,67,1.766766415,106,1.800017305,108,2.450619167,147,2.483911853,149,9,2.867544553,a,0,1,0.099300001,-1,-1,NA,59.97233946,201
300,1693.942749,1.082822372,65,1.733324143,104,1.766573567,106,2.750771026,165,2.784082043,167,29,3.184377768,a,0,1,0.099300001,1,-1,NA,59.97233946,201
301,1697.14527,0.999328698,60,1.683204915,101,1.716493935,103,3.067675734,184,3.100958521,186,51,4.101788207,nope,0,0,0.109752633,1,1,NA,59.97233946,201
302,1701.24836,1.166249318,70,1.86678086,112,1.900055215,114,3.568125957,214,3.601450907,216,70,4.602236597,nope,0,0,0.094073685,-1,1,NA,59.97233946,201
303,1705.851922,0.999492582,60,1.650003886,99,1.683223979,101,2.667420705,160,2.700830713,162,29,3.701555543,nope,0,1,0,-1,-1,NA,59.97233946,201
304,1709.554837,1.082927228,65,1.916930886,115,1.950178843,117,3.134480351,188,3.167850397,190,41,4.168696582,nope,0,0,0.099300001,1,-1,NA,59.97233946,201
305,1713.72484,1.166263983,70,1.733378038,104,1.766624895,106,3.534781942,212,3.568068396,214,76,4.568930346,nope,0,0,0.094073685,-1,1,NA,59.97233946,201
306,1718.295091,1.099535625,66,1.733230652,104,1.766627095,106,2.817479586,169,2.850837532,171,33,3.201182312,a,0,1,0.099300001,-1,-1,NA,59.97233946,201
307,1721.514396,1.082748679,65,1.633096685,98,1.666399637,100,2.433726631,146,2.467099976,148,16,3.467901432,nope,0,0,0.109752633,-1,-1,NA,59.97233946,201
308,1724.983604,1.066235606,64,1.750005499,105,1.783306252,107,2.50065297,150,2.534019349,152,13,3.034358117,l,0,1,0.109752633,1,1,NA,59.97233946,201
309,1732.62264,1.183159086,71,1.850347347,111,1.883593104,113,2.634294103,158,2.667563691,160,15,2.984482331,a,0,1,0.109752633,1,-1,NA,59.97233946,201
310,1735.625397,1.132909703,68,1.683229112,101,1.716512999,103,3.050985578,183,3.084274231,185,50,4.085078254,nope,0,0,0.094073685,1,-1,NA,59.97233946,201
311,1739.711774,1.149601325,69,1.683426727,101,1.716669184,103,2.233785365,134,2.26713048,136,1,2.650832106,l,0,1,0.099300001,1,1,NA,59.97233946,201
312,1742.380638,1.14948217,69,1.666529058,100,1.699774449,102,3.000917312,180,3.034212564,182,48,3.417833532,l,0,1,0.109752633,-1,1,NA,59.97233946,201
313,1745.816705,1.116036599,67,1.783290486,107,1.816532211,109,2.550505658,153,2.583851139,155,14,3.584642329,nope,0,0,0.099300001,-1,1,NA,59.97233946,201
314,1749.402691,1.016184204,61,1.816720293,109,1.850027644,111,3.267947701,196,3.301303081,198,55,4.302014346,nope,0,0,0.099300001,1,-1,NA,59.97233946,201
315,1753.706062,1.166351608,70,1.700095984,102,1.733346874,104,2.550705105,153,2.584071851,155,19,2.884343598,l,0,1,0.099300001,-1,1,NA,59.97233946,201
316,1756.608557,1.08273218,65,1.8832844,113,1.916623282,115,2.784069944,167,2.81736593,169,22,3.25100567,l,0,1,0.109752633,1,1,NA,59.97233946,201
317,1759.877637,1.082762611,65,1.800101997,108,1.83328836,110,2.583914933,155,2.617272146,157,15,2.984227523,a,0,1,0.094073685,-1,-1,NA,59.97233946,201
318,1762.880003,1.182815919,71,1.71657276,103,1.749923741,105,3.017591335,181,3.050976046,183,46,3.351168234,l,0,1,0.114978948,-1,1,NA,59.97233946,201
319,1766.249388,1.06601856,64,1.483018006,89,1.51630116,91,3.2510383,195,3.284397713,197,74,3.784804307,l,0,1,0.099300001,1,1,NA,59.97233946,201
320,1770.052072,1.082938594,65,1.900231198,114,1.93356898,116,2.784288457,167,2.81760974,169,21,3.20127947,l,0,1,0.109752633,-1,1,NA,59.97233946,201
321,1773.271479,1.01601922,61,1.533070508,92,1.566389225,94,2.667276252,160,2.700641531,162,36,3.701425756,nope,0,1,0,-1,-1,NA,59.97233946,201
322,1776.974267,1.082742813,65,1.799954611,108,1.833245831,110,2.450468848,147,2.483831561,149,7,2.85078877,l,0,1,0.099300001,1,1,NA,59.97233946,201
323,1779.843267,1.116104792,67,1.799990174,108,1.833272961,110,3.05097018,183,3.084331793,185,43,3.451284603,a,0,1,0.099300001,-1,-1,NA,59.97233946,201
324,1783.312658,1.149473371,69,1.799975509,108,1.833310358,110,2.750727396,165,2.784104408,167,25,3.151112946,l,0,1,0.099300001,-1,1,NA,59.97233946,201
325,1786.481902,1.049113925,63,1.582861968,95,1.616109558,97,3.100789504,186,3.134069724,188,59,3.517744954,l,0,1,0.109752633,-1,1,NA,59.97233946,201
326,1790.018097,1.132675059,68,1.783176831,107,1.816432487,109,3.050817661,183,3.084179641,185,44,4.084977064,nope,0,0,0.109752633,-1,1,NA,59.97233946,201
327,1794.10444,1.099397405,66,1.566429187,94,1.599768436,96,2.583862871,155,2.617216051,157,29,2.950812748,l,0,1,0.109752633,-1,1,NA,59.97233946,201
328,1797.073421,1.132788715,68,1.666573053,100,1.699871606,102,2.283717979,137,2.317056127,139,5,2.683974474,a,0,1,0.099300001,1,-1,NA,59.97233946,201
329,1799.775564,1.182660101,71,1.866643007,112,1.899826437,114,3.150871702,189,3.184254213,191,45,4.185076201,nope,0,0,0.114978948,1,-1,NA,59.97233946,201
330,1803.962134,1.13283491,68,1.950105883,117,1.98335274,119,3.401160975,204,3.434578315,206,55,4.435379038,nope,1,0,0.099300001,-1,1,NA,59.97233946,201
331,1808.398941,1.182933974,71,1.61654255,97,1.6498642,99,3.184488124,191,3.217814174,193,62,4.218559168,nope,0,0,0.114978948,1,-1,NA,59.97233946,201
332,1812.618817,1.116253278,67,1.866901482,112,1.900156772,114,2.984436136,179,3.017792982,181,35,3.351315986,a,0,1,0.109752633,-1,-1,NA,59.97233946,201
333,1815.988054,1.199703689,72,2.000427859,120,2.033679849,122,3.318031733,199,3.351435875,201,47,3.785084047,a,0,1,0.109752633,-1,-1,NA,59.97233946,201
334,1819.791311,1.18277009,71,1.699887004,102,1.733135328,104,2.250250409,135,2.283664084,137,1,2.734030275,a,0,1,0.109752633,-1,-1,NA,59.97233946,201
335,1822.543392,1.199469411,72,1.68318585,101,1.716422441,103,2.617315408,157,2.650538801,159,24,3.01751141,a,0,1,0.109752633,1,-1,NA,59.97233946,201
336,1825.579147,1.099440301,66,1.616557215,97,1.649859434,99,2.967514269,178,3.000925377,180,49,3.334578169,l,0,1,0.109752633,1,1,NA,59.97233946,201
337,1828.931749,1.032766937,62,1.699952631,102,1.733200222,104,3.501373401,210,3.534725848,212,76,3.901680491,l,0,1,0.099300001,1,1,NA,59.97233946,201
338,1832.851442,1.166201289,70,1.666587352,100,1.699911202,102,2.767479146,166,2.800831593,168,34,3.801596753,nope,0,0,0.099300001,-1,-1,NA,59.97233946,201
339,1836.65439,1.149580061,69,1.883483848,113,1.916732172,115,3.084424917,185,3.11778763,187,40,3.48466858,l,0,1,0.099300001,1,1,NA,59.97233946,201
340,1840.157287,1.166016507,70,1.83328726,110,1.86650992,112,2.433695101,146,2.467074312,148,4,2.917464334,a,0,1,0.094073685,1,-1,NA,59.97233946,201
341,1843.092826,1.015986957,61,1.516511606,91,1.549683304,93,2.283736677,137,2.31709169,139,14,3.317878481,nope,0,1,0,-1,-1,NA,59.97233946,201
342,1846.412026,1.049429228,63,1.766736718,106,1.799981375,108,3.134396026,188,3.16778147,190,50,4.168592825,nope,0,0,0.109752633,1,1,NA,59.97233946,201
343,1850.581941,1.182873847,71,2.000203114,120,2.033475269,122,3.818343003,229,3.851655853,231,77,4.302003713,a,0,1,0.099300001,-1,-1,NA,59.97233946,201
344,1854.902169,1.11598417,67,1.616511386,97,1.64968455,99,2.834084683,170,2.867422465,172,41,3.868141062,nope,0,0,0.114978948,-1,-1,NA,59.97233946,201
345,1858.771611,1.149632489,69,1.816849347,109,1.850088505,111,2.534083143,152,2.567437423,154,11,2.917780737,a,0,1,0.094073685,1,-1,NA,59.97233946,201
346,1861.707351,1.182873847,71,2.000110356,120,2.033425773,122,3.634754958,218,3.668221428,220,66,4.051805732,a,0,1,0.099300001,-1,-1,NA,59.97233946,201
347,1865.7772,1.099534892,66,1.549790727,93,1.583139508,95,2.817511483,169,2.850820667,171,44,3.184485191,l,0,1,0.109752633,1,1,NA,59.97233946,201
348,1868.979804,1.082692951,65,1.499736392,90,1.533027978,92,2.650636692,159,2.683971541,161,37,3.684712502,nope,0,0,0.099300001,1,1,NA,59.97233946,201
349,1872.665823,1.183015366,71,1.86692348,112,1.900128174,114,3.26791727,196,3.301359542,198,52,3.668311252,a,0,1,0.109752633,1,-1,NA,59.97233946,201
350,1876.352198,1.03266538,62,1.449634029,87,1.482873187,89,2.250232078,135,2.283557394,137,16,2.684054399,l,0,1,0.109752633,-1,1,NA,59.97233946,201
351,1879.054355,1.082742813,65,1.766550469,106,1.799847555,108,2.333715852,140,2.367004872,142,2,2.850805269,l,0,1,0.109752633,-1,1,NA,59.97233946,201
352,1881.923312,1.015936728,61,1.816496281,109,1.849845795,111,2.950815315,177,2.98407757,179,36,3.43442983,l,0,1,0.099300001,-1,1,NA,59.97233946,201